pos_x,pos_y,pos_z,b_x,b_y,b_z,b_total_strength
0.0,50.0,25.0,-5.804519193327408e-10,0.0,-5.288561931698304e-10,7.852472882545648e-10
0.1,50.0,25.0,-5.846345478389689e-10,0.0,-5.311335221273548e-10,7.898736436002184e-10
0.2,50.0,25.0,-5.888539976931982e-10,0.0,-5.33421316143284e-10,7.945359218533133e-10
0.30000000000000004,50.0,25.0,-5.931106480650941e-10,0.0,-5.357196016319319e-10,7.992344664870702e-10
0.4,50.0,25.0,-5.974048825470281e-10,0.0,-5.380284044358129e-10,8.039696248433613e-10
0.5,50.0,25.0,-6.017370892109696e-10,0.0,-5.403477498066181e-10,8.087417481824256e-10
0.6000000000000001,50.0,25.0,-6.061076606661632e-10,0.0,-5.426776623857421e-10,8.135511917332936e-10
0.7000000000000001,50.0,25.0,-6.10516994117611e-10,0.0,-5.450181661843532e-10,8.183983147449403e-10
0.8,50.0,25.0,-6.149654914253562e-10,0.0,-5.473692845629921e-10,8.23283480538163e-10
0.9,50.0,25.0,-6.194535591645956e-10,0.0,-5.497310402106951e-10,8.282070565582123e-10
1.0,50.0,25.0,-6.239816086866183e-10,0.0,-5.521034551236247e-10,8.331694144281727e-10
1.1,50.0,25.0,-6.285500561805953e-10,0.0,-5.54486550583201e-10,8.381709300031147e-10
1.2000000000000002,50.0,25.0,-6.331593227362242e-10,0.0,-5.568803471337217e-10,8.432119834250274e-10
1.3,50.0,25.0,-6.378098344072412e-10,0.0,-5.592848645594577e-10,8.482929591785396e-10
1.4000000000000001,50.0,25.0,-6.425020222758208e-10,0.0,-5.617001218612155e-10,8.534142461474519e-10
1.5,50.0,25.0,-6.47236322517866e-10,0.0,-5.64126137232353e-10,8.585762376720816e-10
1.6,50.0,25.0,-6.52013176469208e-10,0.0,-5.665629280342353e-10,8.637793316074382e-10
1.7000000000000002,50.0,25.0,-6.568330306927275e-10,0.0,-5.690105107711203e-10,8.690239303822448e-10
1.8,50.0,25.0,-6.616963370464087e-10,0.0,-5.714689010644604e-10,8.743104410588133e-10
1.9000000000000001,50.0,25.0,-6.666035527523432e-10,0.0,-5.739381136266084e-10,8.796392753937921e-10
2.0,50.0,25.0,-6.715551404666929e-10,0.0,-5.764181622339115e-10,8.850108498997962e-10
2.1,50.0,25.0,-6.765515683506314e-10,0.0,-5.789090596991825e-10,8.904255859079357e-10
2.2,50.0,25.0,-6.815933101422697e-10,0.0,-5.814108178435341e-10,8.958839096312553e-10
2.3000000000000003,50.0,25.0,-6.866808452295905e-10,0.0,-5.839234474675609e-10,9.013862522291019e-10
2.4000000000000004,50.0,25.0,-6.918146587243997e-10,0.0,-5.864469583218563e-10,9.069330498724339e-10
2.5,50.0,25.0,-6.969952415373051e-10,0.0,-5.889813590768456e-10,9.125247438100813e-10
2.6,50.0,25.0,-7.022230904537501e-10,0.0,-5.915266572919268e-10,9.181617804359842e-10
2.7,50.0,25.0,-7.074987082111052e-10,0.0,-5.940828593838976e-10,9.238446113574135e-10
2.8000000000000003,50.0,25.0,-7.128226035768382e-10,0.0,-5.966499705946544e-10,9.295736934641945e-10
2.9000000000000004,50.0,25.0,-7.181952914277783e-10,0.0,-5.992279949581494e-10,9.353494889989492e-10
3.0,50.0,25.0,-7.236172928304901e-10,0.0,-6.018169352665874e-10,9.41172465628375e-10
3.1,50.0,25.0,-7.290891351227683e-10,0.0,-6.044167930358429e-10,9.4704309651557e-10
3.2,50.0,25.0,-7.346113519962768e-10,0.0,-6.070275684700856e-10,9.529618603934272e-10
3.3000000000000003,50.0,25.0,-7.401844835803451e-10,0.0,-6.09649260425593e-10,9.589292416391184e-10
3.4000000000000004,50.0,25.0,-7.458090765269399e-10,0.0,-6.122818663737333e-10,9.649457303496756e-10
3.5,50.0,25.0,-7.514856840968201e-10,0.0,-6.149253823630968e-10,9.710118224186904e-10
3.6,50.0,25.0,-7.572148662469077e-10,0.0,-6.175798029807633e-10,9.771280196141552e-10
3.7,50.0,25.0,-7.629971897188812e-10,0.0,-6.202451213126811e-10,9.832948296574598e-10
3.8000000000000003,50.0,25.0,-7.688332281290063e-10,0.0,-6.229213289031377e-10,9.89512766303558e-10
3.9000000000000004,50.0,25.0,-7.747235620592366e-10,0.0,-6.256084157133062e-10,9.957823494223347e-10
4.0,50.0,25.0,-7.806687791495831e-10,0.0,-6.283063700788431e-10,1.00210410508118e-09
4.1000000000000005,50.0,25.0,-7.866694741917818e-10,0.0,-6.310151786665147e-10,1.008478565628793e-09
4.2,50.0,25.0,-7.927262492242832e-10,0.0,-6.337348264298388e-10,1.0149062697802484e-09
4.3,50.0,25.0,-7.988397136285627e-10,0.0,-6.36465296563707e-10,1.0213877627033192e-09
4.4,50.0,25.0,-8.050104842267948e-10,0.0,-6.392065704579778e-10,1.0279235961061058e-09
4.5,50.0,25.0,-8.112391853808931e-10,0.0,-6.419586276500081e-10,1.0345143283259718e-09
4.6000000000000005,50.0,25.0,-8.175264490929387e-10,0.0,-6.447214457761031e-10,1.041160524419812e-09
4.7,50.0,25.0,-8.238729151070271e-10,0.0,-6.474950005218626e-10,1.0478627562556832e-09
4.800000000000001,50.0,25.0,-8.302792310125367e-10,0.0,-6.50279265571392e-10,1.0546216026058058e-09
4.9,50.0,25.0,-8.367460523488536e-10,0.0,-6.530742125553624e-10,1.0614376492409703e-09
5.0,50.0,25.0,-8.432740427115683e-10,0.0,-6.558798109978863e-10,1.0683114890263677e-09
5.1000000000000005,50.0,25.0,-8.498638738601541e-10,0.0,-6.586960282621827e-10,1.0752437220188556e-09
5.2,50.0,25.0,-8.56516225827175e-10,0.0,-6.615228294950122e-10,1.0822349555657104e-09
5.300000000000001,50.0,25.0,-8.632317870290115e-10,0.0,-6.643601775698447e-10,1.0892858044048569e-09
5.4,50.0,25.0,-8.700112543781535e-10,0.0,-6.672080330287386e-10,1.0963968907666267e-09
5.5,50.0,25.0,-8.768553333970585e-10,0.0,-6.700663540228959e-10,1.1035688444770466e-09
5.6000000000000005,50.0,25.0,-8.837647383336267e-10,0.0,-6.729350962518749e-10,1.1108023030627115e-09
5.7,50.0,25.0,-8.907401922782769e-10,0.0,-6.758142129014149e-10,1.118097911857231e-09
5.800000000000001,50.0,25.0,-8.977824272826805e-10,0.0,-6.787036545798543e-10,1.1254563241093062e-09
5.9,50.0,25.0,-9.048921844801632e-10,0.0,-6.816033692531079e-10,1.132878201092452e-09
6.0,50.0,25.0,-9.120702142077844e-10,0.0,-6.845133021781652e-10,1.1403642122163822e-09
6.1000000000000005,50.0,25.0,-9.193172761301428e-10,0.0,-6.874333958350838e-10,1.1479150351401015e-09
6.2,50.0,25.0,-9.266341393649139e-10,0.0,-6.903635898574398e-10,1.1555313558867219e-09
6.300000000000001,50.0,25.0,-9.340215826101476e-10,0.0,-6.933038209612034e-10,1.1632138689600332e-09
6.4,50.0,25.0,-9.41480394273358e-10,0.0,-6.962540228720038e-10,1.1709632774628615e-09
6.5,50.0,25.0,-9.490113726024081e-10,0.0,-6.992141262507398e-10,1.1787802932172274e-09
6.6000000000000005,50.0,25.0,-9.566153258182499e-10,0.0,-7.021840586175171e-10,1.186665636886366e-09
6.7,50.0,25.0,-9.642930722495078e-10,0.0,-7.051637442738523e-10,1.1946200380986053e-09
6.800000000000001,50.0,25.0,-9.720454404689518e-10,0.0,-7.081531042231216e-10,1.2026442355731481e-09
6.9,50.0,25.0,-9.798732694318898e-10,0.0,-7.111520560892099e-10,1.2107389772478013e-09
7.0,50.0,25.0,-9.877774086164826e-10,0.0,-7.141605140333125e-10,1.218905020408653e-09
7.1000000000000005,50.0,25.0,-9.957587181660326e-10,0.0,-7.171783886688594e-10,1.2271431318217617e-09
7.2,50.0,25.0,-1.0038180690332567e-09,0.0,-7.202055869745147e-10,1.2354540878668707e-09
7.300000000000001,50.0,25.0,-1.011956343126581e-09,0.0,-7.232420122052054e-10,1.2438386746731897e-09
7.4,50.0,25.0,-1.0201744334584728e-09,0.0,-7.2628756380114e-10,1.2522976882572733e-09
7.5,50.0,25.0,-1.0284732442958474e-09,0.0,-7.293421372947673e-10,1.2608319346630322e-09
7.6000000000000005,50.0,25.0,-1.0368536913125695e-09,0.0,-7.324056242156335e-10,1.2694422301039118e-09
7.7,50.0,25.0,-1.0453167017440887e-09,0.0,-7.354779119930866e-10,1.2781294011072785e-09
7.800000000000001,50.0,25.0,-1.0538632145442174e-09,0.0,-7.385588838567804e-10,1.286894284661038e-09
7.9,50.0,25.0,-1.062494180544107e-09,0.0,-7.416484187349339e-10,1.2957377283625421e-09
8.0,50.0,25.0,-1.0712105626134208e-09,0.0,-7.447463911502829e-10,1.304660590569797e-09
8.1,50.0,25.0,-1.0800133358237587e-09,0.0,-7.478526711136874e-10,1.3136637405550327e-09
8.200000000000001,50.0,25.0,-1.0889034876143467e-09,0.0,-7.509671240153298e-10,1.3227480586606594e-09
8.3,50.0,25.0,-1.0978820179600287e-09,0.0,-7.540896105134567e-10,1.3319144364576583e-09
8.4,50.0,25.0,-1.1069499395415847e-09,0.0,-7.572199864206051e-10,1.3411637769064372e-09
8.5,50.0,25.0,-1.116108277918414e-09,0.0,-7.60358102587257e-10,1.350496994520203e-09
8.6,50.0,25.0,-1.1253580717036012e-09,0.0,-7.635038047828684e-10,1.3599150155308837e-09
8.700000000000001,50.0,25.0,-1.13470037274141e-09,0.0,-7.666569335742056e-10,1.369418778057647e-09
8.8,50.0,25.0,-1.1441362462872242e-09,0.0,-7.698173242009362e-10,1.3790092322780544e-09
8.9,50.0,25.0,-1.153666771189975e-09,0.0,-7.729848064484074e-10,1.3886873406019023e-09
9.0,50.0,25.0,-1.1632930400770764e-09,0.0,-7.761592045175507e-10,1.3984540778477797e-09
9.1,50.0,25.0,-1.1730161595419105e-09,0.0,-7.793403368918465e-10,1.408310431422401e-09
9.200000000000001,50.0,25.0,-1.1828372503338933e-09,0.0,-7.825280162012853e-10,1.4182574015027612e-09
9.3,50.0,25.0,-1.1927574475511412e-09,0.0,-7.857220490832526e-10,1.42829600122114e-09
9.4,50.0,25.0,-1.202777900835793e-09,0.0,-7.889222360402742e-10,1.4384272568530335e-09
9.5,50.0,25.0,-1.212899774571985e-09,0.0,-7.921283712945433e-10,1.4486522080080222e-09
9.600000000000001,50.0,25.0,-1.2231242480865587e-09,0.0,-7.953402426391669e-10,1.4589719078236696e-09
9.700000000000001,50.0,25.0,-1.2334525158524866e-09,0.0,-7.985576312860469e-10,1.4693874231624588e-09
9.8,50.0,25.0,-1.2438857876950879e-09,0.0,-8.017803117103262e-10,1.4798998348118487e-09
9.9,50.0,25.0,-1.2544252890010352e-09,0.0,-8.05008051491321e-10,1.4905102376874786e-09
10.0,50.0,25.0,-1.2650722609302163e-09,0.0,-8.082406111498602e-10,1.501219741039595e-09
10.100000000000001,50.0,25.0,-1.2758279606304518e-09,0.0,-8.11477743981945e-10,1.5120294686627258e-09
10.200000000000001,50.0,25.0,-1.2866936614551404e-09,0.0,-8.147191958886587e-10,1.522940559108693e-09
10.3,50.0,25.0,-1.2976706531838262e-09,0.0,-8.179647052022246e-10,1.5339541659029778e-09
10.4,50.0,25.0,-1.3087602422457513e-09,0.0,-8.212140025081422e-10,1.545071457764527e-09
10.5,50.0,25.0,-1.3199637519464182e-09,0.0,-8.24466810463297e-10,1.5562936188290394e-09
10.600000000000001,50.0,25.0,-1.3312825226971866e-09,0.0,-8.277228436099667e-10,1.5676218488757914e-09
10.700000000000001,50.0,25.0,-1.3427179122479612e-09,0.0,-8.30981808185621e-10,1.5790573635580717e-09
10.8,50.0,25.0,-1.3542712959229729e-09,0.0,-8.34243401928424e-10,1.5906013946372606e-09
10.9,50.0,25.0,-1.3659440668597336e-09,0.0,-8.375073138783456e-10,1.6022551902206559e-09
11.0,50.0,25.0,-1.3777376362511359e-09,0.0,-8.407732241737702e-10,1.6140200150030433e-09
11.100000000000001,50.0,25.0,-1.3896534335908051e-09,0.0,-8.440408038435186e-10,1.6258971505121496e-09
11.200000000000001,50.0,25.0,-1.4016929069216704e-09,0.0,-8.473097145941627e-10,1.6378878953579711e-09
11.3,50.0,25.0,-1.4138575230878446e-09,0.0,-8.505796085925373e-10,1.6499935654860988e-09
11.4,50.0,25.0,-1.4261487679898022e-09,0.0,-8.538501282433357e-10,1.6622154944350602e-09
11.5,50.0,25.0,-1.4385681468429223e-09,0.0,-8.571209059616777e-10,1.6745550335977754e-09
11.600000000000001,50.0,25.0,-1.4511171844394189e-09,0.0,-8.603915639405387e-10,1.6870135524871851e-09
11.700000000000001,50.0,25.0,-1.4637974254136847e-09,0.0,-8.636617139129223e-10,1.69959243900611e-09
11.8,50.0,25.0,-1.4766104345110938e-09,0.0,-8.669309569086545e-10,1.7122930997214222e-09
11.9,50.0,25.0,-1.489557796860303e-09,0.0,-8.701988830056858e-10,1.7251169601426051e-09
12.0,50.0,25.0,-1.5026411182490542e-09,0.0,-8.734650710757659e-10,1.738065465004745e-09
12.100000000000001,50.0,25.0,-1.5158620254035543e-09,0.0,-8.767290885243745e-10,1.7511400785560664e-09
12.200000000000001,50.0,25.0,-1.5292221662714366e-09,0.0,-8.799904910247694e-10,1.764342284850057e-09
12.3,50.0,25.0,-1.5427232103083347e-09,0.0,-8.832488222460257e-10,1.7776735880422608e-09
12.4,50.0,25.0,-1.5563668487681305e-09,0.0,-8.865036135749257e-10,1.7911355126918349e-09
12.5,50.0,25.0,-1.5701547949968711e-09,0.0,-8.897543838315605e-10,1.8047296040679186e-09
12.600000000000001,50.0,25.0,-1.5840887847304118e-09,0.0,-8.930006389785064e-10,1.8184574284609176e-09
12.700000000000001,50.0,25.0,-1.5981705763958134e-09,0.0,-8.96241871823422e-10,1.8323205734987744e-09
12.8,50.0,25.0,-1.6124019514165035e-09,0.0,-8.994775617149269e-10,1.8463206484682932e-09
12.9,50.0,25.0,-1.626784714521282e-09,0.0,-9.027071742316025e-10,1.860459284641643e-09
13.0,50.0,25.0,-1.6413206940571218e-09,0.0,-9.059301608639614e-10,1.874738135608052e-09
13.100000000000001,50.0,25.0,-1.6560117423058835e-09,0.0,-9.091459586892301e-10,1.8891588776108605e-09
13.200000000000001,50.0,25.0,-1.6708597358048988e-09,0.0,-9.123539900387808e-10,1.9037232098899512e-09
13.3,50.0,25.0,-1.6858665756714902e-09,0.0,-9.1555366215804e-10,1.9184328550296763e-09
13.4,50.0,25.0,-1.7010341879314578e-09,0.0,-9.187443668587174e-10,1.9332895593123806e-09
13.5,50.0,25.0,-1.7163645238515166e-09,0.0,-9.219254801631663e-10,1.948295093077568e-09
13.600000000000001,50.0,25.0,-1.7318595602757669e-09,0.0,-9.250963619407108e-10,1.9634512510868486e-09
13.700000000000001,50.0,25.0,-1.7475212999661745e-09,0.0,-9.282563555357516e-10,1.9787598528947325e-09
13.8,50.0,25.0,-1.7633517719471238e-09,0.0,-9.314047873874672e-10,1.9942227432253786e-09
13.9,50.0,25.0,-1.7793530318540258e-09,0.0,-9.34540966640919e-10,2.0098417923553725e-09
14.0,50.0,25.0,-1.795527162286029e-09,0.0,-9.376641847493709e-10,2.025618896502652e-09
14.100000000000001,50.0,25.0,-1.8118762731628623e-09,0.0,-9.4077371506762e-10,2.0415559782216783e-09
14.200000000000001,50.0,25.0,-1.8284025020857872e-09,0.0,-9.438688124361415e-10,2.057654986804926e-09
14.3,50.0,25.0,-1.8451080147027285e-09,0.0,-9.469487127558376e-10,2.0739178986908287e-09
14.4,50.0,25.0,-1.861995005077557e-09,0.0,-9.500126325531786e-10,2.090346717878255e-09
14.5,50.0,25.0,-1.8790656960635584e-09,0.0,-9.53059768535523e-10,2.106943476347624e-09
14.600000000000001,50.0,25.0,-1.8963223396811057e-09,0.0,-9.560892971363952e-10,2.1237102344887803e-09
14.700000000000001,50.0,25.0,-1.913767217499532e-09,0.0,-9.591003740504893e-10,2.1406490815357126e-09
14.8,50.0,25.0,-1.931402641023222e-09,0.0,-9.620921337581842e-10,2.1577621360082425e-09
14.9,50.0,25.0,-1.9492309520819315e-09,0.0,-9.650636890393109e-10,2.1750515461607793e-09
15.0,50.0,25.0,-1.9672545232253316e-09,0.0,-9.68014130475957e-10,2.1925194904382608e-09
15.100000000000001,50.0,25.0,-1.9854757581217878e-09,0.0,-9.709425259440395e-10,2.21016817793938e-09
15.200000000000001,50.0,25.0,-2.003897091961372e-09,0.0,-9.738479200934118e-10,2.227999848887227e-09
15.3,50.0,25.0,-2.022520991863118e-09,0.0,-9.767293338162403e-10,2.246016775107454e-09
15.4,50.0,25.0,-2.0413499572864915e-09,0.0,-9.795857637033882e-10,2.264221260514067e-09
15.5,50.0,25.0,-2.0603865204470944e-09,0.0,-9.824161814885423e-10,2.2826156416029864e-09
15.600000000000001,50.0,25.0,-2.079633246736578e-09,0.0,-9.852195334798045e-10,2.30120228795347e-09
15.700000000000001,50.0,25.0,-2.0990927351467686e-09,0.0,-9.879947399784743e-10,2.3199836027375443e-09
15.8,50.0,25.0,-2.118767618697965e-09,0.0,-9.907406946847326e-10,2.338962023237537e-09
15.9,50.0,25.0,-2.1386605648714322e-09,0.0,-9.934562640899353e-10,2.3581400213718703e-09
16.0,50.0,25.0,-2.1587742760460155e-09,0.0,-9.9614028685522e-10,2.377520104229194e-09
16.1,50.0,25.0,-2.179111489938904e-09,0.0,-9.98791573176126e-10,2.3971048146110323e-09
16.2,50.0,25.0,-2.1996749800504783e-09,0.0,-1.0014089041329072e-09,2.4168967315830317e-09
16.3,50.0,25.0,-2.2204675561132274e-09,0.0,-1.0039910310262309e-09,2.4368984710349677e-09
16.400000000000002,50.0,25.0,-2.241492064544708e-09,0.0,-1.006536674697933e-09,2.4571126862496295e-09
16.5,50.0,25.0,-2.262751388904459e-09,0.0,-1.009044524836499e-09,2.4775420684806897e-09
16.6,50.0,25.0,-2.284248450354906e-09,0.0,-1.0115132392669403e-09,2.4981893475397513e-09
16.7,50.0,25.0,-2.3059862081261324e-09,0.0,-1.01394144322471e-09,2.5190572923926417e-09
16.8,50.0,25.0,-2.3279676599845103e-09,0.0,-1.0163277286133183e-09,2.5401487117651327e-09
16.900000000000002,50.0,25.0,-2.3501958427051065e-09,0.0,-1.018670653245279e-09,2.5614664547581976e-09
17.0,50.0,25.0,-2.3726738325478116e-09,0.0,-1.0209687400660283e-09,2.5830134114729513e-09
17.1,50.0,25.0,-2.3954047457371455e-09,0.0,-1.0232204763604373e-09,2.6047925136454378e-09
17.2,50.0,25.0,-2.418391738945599e-09,0.0,-1.0254243129415406e-09,2.62680673529134e-09
17.3,50.0,25.0,-2.441638009780521e-09,0.0,-1.0275786633210868e-09,2.6490590933608363e-09
17.400000000000002,50.0,25.0,-2.465146797274388e-09,0.0,-1.0296819028615226e-09,2.6715526484036766e-09
17.5,50.0,25.0,-2.488921382378395e-09,0.0,-1.0317323679089926e-09,2.694290505244651e-09
17.6,50.0,25.0,-2.5129650884592894e-09,0.0,-1.0337283549069576e-09,2.717275813669611e-09
17.7,50.0,25.0,-2.5372812817992995e-09,0.0,-1.0356681194899938e-09,2.7405117691221537e-09
17.8,50.0,25.0,-2.5618733720990613e-09,0.0,-1.0375498755573588e-09,2.7640016134111257e-09
17.900000000000002,50.0,25.0,-2.5867448129834513e-09,0.0,-1.0393717943258738e-09,2.78774863542913e-09
18.0,50.0,25.0,-2.6118991025101323e-09,0.0,-1.0411320033616774e-09,2.8117561718821096e-09
18.1,50.0,25.0,-2.637339783680754e-09,0.0,-1.04282858559041e-09,2.836027608030243e-09
18.2,50.0,25.0,-2.6630704449545967e-09,0.0,-1.0444595782853366e-09,2.8605663784402308e-09
18.3,50.0,25.0,-2.689094720764523e-09,0.0,-1.046022972032966e-09,2.885375967749144e-09
18.400000000000002,50.0,25.0,-2.7154162920351153e-09,0.0,-1.047516709675656e-09,2.9104599114400194e-09
18.5,50.0,25.0,-2.742038886702755e-09,0.0,-1.0489386852307368e-09,2.9358217966292966e-09
18.6,50.0,25.0,-2.7689662802375185e-09,0.0,-1.0502867427856338e-09,2.9614652628662814e-09
18.7,50.0,25.0,-2.79620229616666e-09,0.0,-1.0515586753684898e-09,2.9873940029447795e-09
18.8,50.0,25.0,-2.823750806599501e-09,0.0,-1.0527522237937632e-09,3.0136117637270474e-09
18.900000000000002,50.0,25.0,-2.8516157327535063e-09,0.0,-1.0538650754822735e-09,3.040122346980229e-09
19.0,50.0,25.0,-2.8798010454812987e-09,0.0,-1.0548948632551559e-09,3.066929610225395e-09
19.1,50.0,25.0,-2.908310765798385e-09,0.0,-1.0558391641011744e-09,3.0940374675993592e-09
19.200000000000003,50.0,25.0,-2.9371489654113844e-09,0.0,-1.0566954979168349e-09,3.1214498907294463e-09
19.3,50.0,25.0,-2.9663197672464023e-09,0.0,-1.0574613262187334e-09,3.149170909621298e-09
19.400000000000002,50.0,25.0,-2.9958273459773507e-09,0.0,-1.0581340508275557e-09,3.177204613559918e-09
19.5,50.0,25.0,-3.0256759285538986e-09,0.0,-1.0587110125231404e-09,3.205555152024103e-09
19.6,50.0,25.0,-3.055869794728729e-09,0.0,-1.05918948967001e-09,3.234226735614376e-09
19.700000000000003,50.0,25.0,-3.0864132775837864e-09,0.0,-1.059566696812757e-09,3.263223636994588e-09
19.8,50.0,25.0,-3.1173107640551946e-09,0.0,-1.0598397832406647e-09,3.2925501918473466e-09
19.900000000000002,50.0,25.0,-3.1485666954564836e-09,0.0,-1.0600058315209384e-09,3.3222107998434053e-09
20.0,50.0,25.0,-3.1801855679997018e-09,0.0,-1.0600618559999001e-09,3.352209925625115e-09
20.1,50.0,25.0,-3.2121719333141212e-09,0.0,-1.0600048012714998e-09,3.3825520998041715e-09
20.200000000000003,50.0,25.0,-3.244530398962041e-09,0.0,-1.059831540612477e-09,3.4132419199737068e-09
20.3,50.0,25.0,-3.2772656289512938e-09,0.0,-1.0595388743835123e-09,3.4442840517349026e-09
20.400000000000002,50.0,25.0,-3.310382344244023e-09,0.0,-1.0591235283956703e-09,3.4756832297382696e-09
20.5,50.0,25.0,-3.3438853232612323e-09,0.0,-1.0585821522414557e-09,3.5074442587396923e-09
20.6,50.0,25.0,-3.377779402382636e-09,0.0,-1.0579113175897725e-09,3.5395720146713963e-09
20.700000000000003,50.0,25.0,-3.412069476441302e-09,0.0,-1.0571075164440707e-09,3.5720714457279506e-09
20.8,50.0,25.0,-3.446760499212535e-09,0.0,-1.0561671593629639e-09,3.604947573467425e-09
20.900000000000002,50.0,25.0,-3.481857483896468e-09,0.0,-1.0550865736425785e-09,3.638205493927835e-09
21.0,50.0,25.0,-3.51736550359374e-09,0.0,-1.0538620014598877e-09,3.6718503787589552e-09
21.1,50.0,25.0,-3.5532896917737212e-09,0.0,-1.0524895979762826e-09,3.705887476369684e-09
21.200000000000003,50.0,25.0,-3.5896352427345416e-09,0.0,-1.0509654294006126e-09,3.740322113090941e-09
21.3,50.0,25.0,-3.626407412054379e-09,0.0,-1.049285471010918e-09,3.775159694354339e-09
21.400000000000002,50.0,25.0,-3.6636115170332457e-09,0.0,-1.047445605134075e-09,3.810405705886623e-09
21.5,50.0,25.0,-3.7012529371245734e-09,0.0,-1.0454416190825542e-09,3.8460657149200184e-09
21.6,50.0,25.0,-3.7393371143558034e-09,0.0,-1.0432692030475003e-09,3.882145371418509e-09
21.700000000000003,50.0,25.0,-3.7778695537373275e-09,0.0,-1.0409239479473033e-09,3.918650409320239e-09
21.8,50.0,25.0,-3.816855823658785e-09,0.0,-1.0384013432308581e-09,3.955586647795954e-09
21.900000000000002,50.0,25.0,-3.85630155627203e-09,0.0,-1.0356967746346722e-09,3.992959992523685e-09
22.0,50.0,25.0,-3.896212447859768e-09,0.0,-1.0328055218929856e-09,4.030776436979611e-09
22.1,50.0,25.0,-3.936594259189034e-09,0.0,-1.029722756400056e-09,4.069042063745248e-09
22.200000000000003,50.0,25.0,-3.97745281584849e-09,0.0,-1.0264435388237619e-09,4.107763045830921e-09
22.3,50.0,25.0,-4.018794008568568e-09,0.0,-1.0229628166696516e-09,4.146945648015576e-09
22.400000000000002,50.0,25.0,-4.060623793523453e-09,0.0,-1.0192754217945827e-09,4.186596228202969e-09
22.5,50.0,25.0,-4.102948192613781e-09,0.0,-1.015376067869067e-09,4.226721238794196e-09
22.6,50.0,25.0,-4.145773293728967e-09,0.0,-1.0112593477874472e-09,4.267327228076588e-09
22.700000000000003,50.0,25.0,-4.189105250987979e-09,0.0,-1.0069197310250219e-09,4.308420841628933e-09
22.8,50.0,25.0,-4.232950284957401e-09,0.0,-1.00235156094122e-09,4.350008823743033e-09
22.900000000000002,50.0,25.0,-4.277314682845435e-09,0.0,-9.975490520279373e-10,4.392098018861484e-09
23.0,50.0,25.0,-4.32220479867063e-09,0.0,-9.925062871021453e-10,4.434695373031693e-09
23.1,50.0,25.0,-4.367627053403954e-09,0.0,-9.872172144418466e-10,4.477807935376016e-09
23.200000000000003,50.0,25.0,-4.413587935082759e-09,0.0,-9.8167564486451e-10,4.521442859577929e-09
23.3,50.0,25.0,-4.460093998895267e-09,0.0,-9.758752487470469e-10,4.565607405384161e-09
23.400000000000002,50.0,25.0,-4.507151867233995e-09,0.0,-9.698095529864546e-10,4.6103089401226335e-09
23.5,50.0,25.0,-4.554768229716535e-09,0.0,-9.63471937900206e-10,4.655554940236049e-09
23.6,50.0,25.0,-4.602949843172167e-09,0.0,-9.568556340654874e-10,4.7013529928310575e-09
23.700000000000003,50.0,25.0,-4.6517035315924635e-09,0.0,-9.499537190963941e-10,4.747710797242695e-09
23.8,50.0,25.0,-4.7010361860442506e-09,0.0,-9.42759114358187e-10,4.794636166613991e-09
23.900000000000002,50.0,25.0,-4.750954764543065e-09,0.0,-9.352645816177108e-10,4.842137029490491e-09
24.0,50.0,25.0,-4.801466291885206e-09,0.0,-9.274627196291087e-10,4.8902214314294285e-09
24.1,50.0,25.0,-4.852577859436478e-09,0.0,-9.193459606539406e-10,4.9388975366233124e-09
24.200000000000003,50.0,25.0,-4.904296624875535e-09,0.0,-9.109065669148669e-10,4.988173629537588e-09
24.3,50.0,25.0,-4.956629811889819e-09,0.0,-9.021366269820043e-10,5.038058116562112e-09
24.400000000000002,50.0,25.0,-5.009584709821818e-09,0.0,-8.93028052091153e-10,5.088559527676007e-09
24.5,50.0,25.0,-5.0631686732635006e-09,0.0,-8.835725723930428e-10,5.139686518125608e-09
24.6,50.0,25.0,-5.117389121596522e-09,0.0,-8.737617331327896e-10,5.191447870115007e-09
24.700000000000003,50.0,25.0,-5.172253538475846e-09,0.0,-8.635868907587819e-10,5.243852494508816e-09
24.8,50.0,25.0,-5.2277694712542295e-09,0.0,-8.53039208960213e-10,5.296909432546604e-09
24.900000000000002,50.0,25.0,-5.283944530345103e-09,0.0,-8.421096546325113e-10,5.3506278575686065e-09
25.0,50.0,25.0,-5.340786388521038e-09,0.0,-8.307889937699386e-10,5.405017076752012e-09
25.1,50.0,25.0,-5.398302780145161e-09,0.0,-8.190677872846739e-10,5.460086532857367e-09
25.200000000000003,50.0,25.0,-5.456501500332589e-09,0.0,-8.069363867516935e-10,5.515845805984398e-09
25.3,50.0,25.0,-5.515390404039004e-09,0.0,-7.943849300788158e-10,5.5723046153366256e-09
25.400000000000002,50.0,25.0,-5.574977405073238e-09,0.0,-7.81403337101322e-10,5.6294728209940066e-09
25.5,50.0,25.0,-5.635270475030802e-09,0.0,-7.67981305100569e-10,5.687360425692911e-09
25.6,50.0,25.0,-5.696277642145059e-09,0.0,-7.541083042460887e-10,5.745977576612581e-09
25.700000000000003,50.0,25.0,-5.7580069900526915e-09,0.0,-7.397735729606791e-10,5.805334567167224e-09
25.8,50.0,25.0,-5.820466656469991e-09,0.0,-7.249661132080714e-10,5.8654418388028516e-09
25.900000000000002,50.0,25.0,-5.88366483177644e-09,0.0,-7.096746857027907e-10,5.926309982797916e-09
26.0,50.0,25.0,-5.947609757501775e-09,0.0,-6.938878050418734e-10,5.987949742066657e-09
26.1,50.0,25.0,-6.012309724712839e-09,0.0,-6.775937347581992e-10,6.0503720129641725e-09
26.200000000000003,50.0,25.0,-6.077773072296237e-09,0.0,-6.607804822952129e-10,6.1135878470920436e-09
26.3,50.0,25.0,-6.14400818513271e-09,0.0,-6.43435793902927e-10,6.1776084531032905e-09
26.400000000000002,50.0,25.0,-6.211023492159101e-09,0.0,-6.255471494551184e-10,6.242445198505443e-09
26.5,50.0,25.0,-6.278827464313536e-09,0.0,-6.071017571877616e-10,6.308109611460347e-09
26.6,50.0,25.0,-6.34742861235944e-09,0.0,-5.880865483587725e-10,6.374613382579356e-09
26.700000000000003,50.0,25.0,-6.416835484583759e-09,0.0,-5.68488171829266e-10,6.4419683667123874e-09
26.8,50.0,25.0,-6.487056664364659e-09,0.0,-5.482929885666065e-10,6.510186584729291e-09
26.900000000000002,50.0,25.0,-6.558100767603909e-09,0.0,-5.27487066069612e-10,6.579280225291951e-09
27.0,50.0,25.0,-6.629976440018861e-09,0.0,-5.060561727164165e-10,6.649261646615326e-09
27.1,50.0,25.0,-6.7026923542889655e-09,0.0,-4.839857720355585e-10,6.7201433782157215e-09
27.200000000000003,50.0,25.0,-6.776257207051407e-09,0.0,-4.612610169010434e-10,6.791938122644281e-09
27.3,50.0,25.0,-6.850679715740535e-09,0.0,-4.378667436521766e-10,6.864658757203841e-09
27.400000000000002,50.0,25.0,-6.925968615265401e-09,0.0,-4.137874661391597e-10,6.938318335646988e-09
27.5,50.0,25.0,-7.002132654519658e-09,0.0,-3.890073696955365e-10,7.012930089853168e-09
27.6,50.0,25.0,-7.079180592717935e-09,0.0,-3.635103050387711e-10,7.088507431482571e-09
27.700000000000003,50.0,25.0,-7.157121195552539e-09,0.0,-3.372797821003289e-10,7.165063953604395e-09
27.8,50.0,25.0,-7.235963231164266e-09,0.0,-3.102989637868626e-10,7.242613432296964e-09
27.900000000000002,50.0,25.0,-7.315715465920936e-09,0.0,-2.825506596742299e-10,7.321169828217148e-09
28.0,50.0,25.0,-7.396386659997022e-09,0.0,-2.5401731963626343e-10,7.400747288136319e-09
28.1,50.0,25.0,-7.477985562747664e-09,0.0,-2.246810274104073e-10,7.481360146439997e-09
28.200000000000003,50.0,25.0,-7.56052090787e-09,0.0,-1.9452349410258612e-10,7.563022926588103e-09
28.3,50.0,25.0,-7.644001408344974e-09,0.0,-1.6352605163371856e-10,7.64575034253296e-09
28.400000000000002,50.0,25.0,-7.728435751152084e-09,0.0,-1.3166964613073756e-10,7.729557300091506e-09
28.5,50.0,25.0,-7.813832591749713e-09,0.0,-9.893483126504886e-11,7.814458898268485e-09
28.6,50.0,25.0,-7.900200548313484e-09,0.0,-6.530176154161442e-11,7.900470430527103e-09
28.700000000000003,50.0,25.0,-7.987548195724659e-09,0.0,-3.0750185542225674e-11,7.987607386003342e-09
28.8,50.0,25.0,-8.075884059300737e-09,0.0,4.740560873382977e-12,8.075885450660202e-09
28.900000000000002,50.0,25.0,-8.165216608260032e-09,0.0,4.119156140449416e-11,8.16532050837788e-09
29.0,50.0,25.0,-8.255554248911767e-09,0.0,7.86243261801129e-11,8.25592864197556e-09
29.1,50.0,25.0,-8.346905317563365e-09,0.0,1.170607986588628e-10,8.347726134160741e-09
29.200000000000003,50.0,25.0,-8.439278073136014e-09,0.0,1.565233625530376e-10,8.440729468401367e-09
29.3,50.0,25.0,-8.532680689479699e-09,0.0,1.9703484877155892e-10,8.534955329716153e-09
29.400000000000002,50.0,25.0,-8.62712124737871e-09,0.0,2.3861854237625685e-10,8.630420605378337e-09
29.5,50.0,25.0,-8.722607726238184e-09,0.0,2.8129818954535083e-10,8.727142385527554e-09
29.6,50.0,25.0,-8.819147995442468e-09,0.0,3.2509800453787813e-10,8.825137963684841e-09
29.700000000000003,50.0,25.0,-8.916749805375565e-09,0.0,3.700426766522034e-10,8.924424837165088e-09
29.8,50.0,25.0,-9.015420778094014e-09,0.0,4.161573771714252e-10,9.025020707381422e-09
29.900000000000002,50.0,25.0,-9.115168397642176e-09,0.0,4.634677662880756e-10,9.12694348003551e-09
30.0,50.0,25.0,-9.216e-09,0.0,5.12e-10,9.230211265187813e-09
30.1,50.0,25.0,-9.317922762652843e-09,0.0,5.617807369688752e-10,9.334842377201302e-09
30.200000000000003,50.0,25.0,-9.420943693773165e-09,0.0,6.12837145332316e-10,9.440855334552238e-09
30.3,50.0,25.0,-9.52506962100344e-09,0.0,6.651969094600388e-10,9.548268859501065e-09
30.400000000000002,50.0,25.0,-9.630307179829695e-09,0.0,7.188882366439781e-10,9.657101877616517e-09
30.5,50.0,25.0,-9.736662801534896e-09,0.0,7.739398637117475e-10,9.767373517145514e-09
30.6,50.0,25.0,-9.84414270072133e-09,0.0,8.303810635522549e-10,9.879103108221476e-09
30.700000000000003,50.0,25.0,-9.952752862390816e-09,0.0,8.882416515416364e-10,9.992310181902981e-09
30.8,50.0,25.0,-1.0062499028571918e-08,0.0,9.47551991857189e-10,1.0107014469035024e-08
30.900000000000002,50.0,25.0,-1.0173386684482775e-08,0.0,1.0083430036661898e-09,1.0223235898924272e-08
31.0,50.0,25.0,-1.0285421044218387e-08,0.0,1.0706461671759484e-09,1.0340994597819834e-08
31.1,50.0,25.0,-1.0398607035951089e-08,0.0,1.134493529530747e-09,1.046031088719062e-08
31.200000000000003,50.0,25.0,-1.0512949286632765e-08,0.0,1.1999177105404958e-09,1.0581205281790024e-08
31.3,50.0,25.0,-1.0628452106187575e-08,0.0,1.2669519082254026e-09,1.0703698487498566e-08
31.400000000000002,50.0,25.0,-1.0745119471183792e-08,0.0,1.3356299041600479e-09,1.0827811398934671e-08
31.5,50.0,25.0,-1.086295500797327e-08,0.0,1.4059860685995413e-09,1.0953565096823387e-08
31.6,50.0,25.0,-1.0981961975287468e-08,0.0,1.478055365369607e-09,1.1080980845112841e-08
31.700000000000003,50.0,25.0,-1.1102143246278593e-08,0.0,1.5518733565016776e-09,1.1210080087827614e-08
31.8,50.0,25.0,-1.1223501289994696e-08,0.0,1.6274762065931273e-09,1.1340884445647939e-08
31.900000000000002,50.0,25.0,-1.1346038152277848e-08,0.0,1.7049006868720547e-09,1.1473415712203639e-08
32.0,50.0,25.0,-1.1469755436074175e-08,0.0,1.7841841789448725e-09,1.1607695850070774e-08
32.1,50.0,25.0,-1.1594654281145313e-08,0.0,1.8653646782043725e-09,1.1743746986459384e-08
32.2,50.0,25.0,-1.1720735343170445e-08,0.0,1.948480796874629e-09,1.188159140857966e-08
32.300000000000004,50.0,25.0,-1.1847998772228811e-08,0.0,2.0335717666684265e-09,1.2021251558674179e-08
32.4,50.0,25.0,-1.1976444190652477e-08,0.0,2.120677441031695e-09,1.2162750028702975e-08
32.5,50.0,25.0,-1.2106070670239744e-08,0.0,2.2098382969485243e-09,1.2306109554668337e-08
32.6,50.0,25.0,-1.223687670881966e-08,0.0,2.3010954362791925e-09,1.2451353010565479e-08
32.7,50.0,25.0,-1.2368860206158714e-08,0.0,2.3944905866026712e-09,1.2598503401945224e-08
32.800000000000004,50.0,25.0,-1.2502018439201103e-08,0.0,2.490066101533908e-09,1.274758385907434e-08
32.9,50.0,25.0,-1.2636348036634433e-08,0.0,2.587864960485016e-09,1.2898617629678811e-08
33.0,50.0,25.0,-1.2771844952773379e-08,0.0,2.6879307678385785e-09,1.3051628071255177e-08
33.1,50.0,25.0,-1.2908504440754166e-08,0.0,2.790307751499773e-09,1.320663864293446e-08
33.2,50.0,25.0,-1.3046321025033648e-08,0.0,2.8950407607931823e-09,1.3363672896883138e-08
33.300000000000004,50.0,25.0,-1.3185288473187316e-08,0.0,3.0021752636687727e-09,1.3522754469225231e-08
33.4,50.0,25.0,-1.3325399767001324e-08,0.0,3.1117573431803347e-09,1.3683907070469153e-08
33.5,50.0,25.0,-1.3466647072854431e-08,0.0,3.223833693198488e-09,1.3847154475422763e-08
33.6,50.0,25.0,-1.3609021711386773e-08,0.0,3.3384516133190532e-09,1.4012520512579781e-08
33.7,50.0,25.0,-1.3752514126453194e-08,0.0,3.455659002926503e-09,1.4180029052960424e-08
33.800000000000004,50.0,25.0,-1.389711385335995e-08,0.0,3.575504354370638e-09,1.4349703998388693e-08
33.9,50.0,25.0,-1.4042809486384783e-08,0.0,3.6980367452137357e-09,1.4521569269188832e-08
34.0,50.0,25.0,-1.4189588645581506e-08,0.0,3.823305829503904e-09,1.4695648791282885e-08
34.1,50.0,25.0,-1.4337437942871345e-08,0.0,3.951361828029073e-09,1.4871966482671086e-08
34.2,50.0,25.0,-1.4486342947425036e-08,0.0,4.082255517505038e-09,1.505054623927688e-08
34.300000000000004,50.0,25.0,-1.4636288150340841e-08,0.0,4.2160382186494934e-09,1.5231411920137967e-08
34.4,50.0,25.0,-1.4787256928625099e-08,0.0,4.35276178309272e-09,1.541458733192438e-08
34.5,50.0,25.0,-1.493923150848406e-08,0.0,4.492478579074592e-09,1.5600096212765066e-08
34.6,50.0,25.0,-1.509219292793682e-08,0.0,4.6352414758760085e-09,1.578796221536356e-08
34.7,50.0,25.0,-1.5246120998761663e-08,0.0,4.781103826931928e-09,1.597820888938383e-08
34.800000000000004,50.0,25.0,-1.540099426778973e-08,0.0,4.9301194515719874e-09,1.6170859663087197e-08
34.9,50.0,25.0,-1.5556789977561946e-08,0.0,5.082342615333296e-09,1.6365937824200746e-08
35.0,50.0,25.0,-1.571348402636772e-08,0.0,5.237828008789238e-09,1.6563466499998437e-08
35.1,50.0,25.0,-1.587105092768567e-08,0.0,5.396630724836772e-09,1.676346863657532e-08
35.2,50.0,25.0,-1.60294637690496e-08,0.0,5.558806234383928e-09,1.6965966977296034e-08
35.300000000000004,50.0,25.0,-1.6188694170365178e-08,0.0,5.7244103603781105e-09,1.7170984040398492e-08
35.4,50.0,25.0,-1.6348712241705468e-08,0.0,5.893499250114952e-09,1.7378542095733916e-08
35.5,50.0,25.0,-1.6509486540616428e-08,0.0,6.066129345766724e-09,1.7588663140624623e-08
35.6,50.0,25.0,-1.6670984028966322e-08,0.0,6.2423573530685046e-09,1.780136887482136e-08
35.7,50.0,25.0,-1.683317002937596e-08,0.0,6.422240208099601e-09,1.801668067454192e-08
35.800000000000004,50.0,25.0,-1.6996008181270147e-08,0.0,6.605835042097425e-09,1.8234619565573724e-08
35.9,50.0,25.0,-1.7159460396593925e-08,0.0,6.7931991442402295e-09,1.8455206195423053e-08
36.0,50.0,25.0,-1.732348681524054e-08,0.0,6.984389922335071e-09,1.8678460804494266e-08
36.1,50.0,25.0,-1.748804576024199e-08,0.0,7.179464861346986e-09,1.8904403196282972e-08
36.2,50.0,25.0,-1.7653093692776507e-08,0.0,7.378481479705432e-09,1.913305270656781e-08
36.300000000000004,50.0,25.0,-1.7818585167051523e-08,0.0,7.581497283324072e-09,1.936442817158614e-08
36.4,50.0,25.0,-1.798447278512429e-08,0.0,7.788569717270163e-09,1.9598547895179736e-08
36.5,50.0,25.0,-1.8150707151727156e-08,0.0,7.999756115020489e-09,1.983542961489786e-08
36.6,50.0,25.0,-1.8317236829167937e-08,0.0,8.215113645240764e-09,2.0075090467045154e-08
36.7,50.0,25.0,-1.848400829238139e-08,0.0,8.43469925602721e-09,2.0317546950664343e-08
36.800000000000004,50.0,25.0,-1.865096588421137e-08,0.0,8.658569616549047e-09,2.0562814890443446e-08
36.9,50.0,25.0,-1.8818051771008557e-08,0.0,8.88678105603235e-09,2.0810909398539356e-08
37.0,50.0,25.0,-1.8985205898633615e-08,0.0,9.11938950002743e-09,2.1061844835311153e-08
37.1,50.0,25.0,-1.915236594895993e-08,0.0,9.356450403902755e-09,2.131563476895708e-08
37.2,50.0,25.0,-1.9319467296975974e-08,0.0,9.598018683511541e-09,2.1572291934051904e-08
37.300000000000004,50.0,25.0,-1.9486442968592252e-08,0.0,9.844148642978604e-09,2.1831828188982614e-08
37.4,50.0,25.0,-1.9653223599262614e-08,0.0,1.0094893899557748e-08,2.2094254472281726e-08
37.5,50.0,25.0,-1.9819737393536176e-08,0.0,1.0350307305513336e-08,2.23595807578608e-08
37.6,50.0,25.0,-1.9985910085660398e-08,0.0,1.0610440866982143e-08,2.2627816009147387e-08
37.7,50.0,25.0,-2.015166490136234e-08,0.0,1.0875345659775875e-08,2.2898968132132172e-08
37.800000000000004,50.0,25.0,-2.03169225209403e-08,0.0,1.114507174208813e-08,2.3173043927334677e-08
37.9,50.0,25.0,-2.048160104380359e-08,0.0,1.1419668064074073e-08,2.3450049040698604e-08
38.0,50.0,25.0,-2.0645615954604545e-08,0.0,1.1699182374275912e-08,2.372998791343118e-08
38.1,50.0,25.0,-2.0808880091111595e-08,0.0,1.1983661122871909e-08,2.401286373080254e-08
38.2,50.0,25.0,-2.097130361397885e-08,0.0,1.2273149361732717e-08,2.429867836992544e-08
38.300000000000004,50.0,25.0,-2.1132793978572808e-08,0.0,1.2567690641274333e-08,2.4587432346537887e-08
38.400000000000006,50.0,25.0,-2.1293255909022606e-08,0.0,1.2867326904103635e-08,2.4879124760814946e-08
38.5,50.0,25.0,-2.1452591374665717e-08,0.0,1.3172098375458997e-08,2.517375324223926e-08
38.6,50.0,25.0,-2.161069956906689e-08,0.0,1.3482043450456474e-08,2.5471313893563955e-08
38.7,50.0,25.0,-2.176747689179244e-08,0.0,1.379719857815855e-08,2.577180123390405e-08
38.800000000000004,50.0,25.0,-2.192281693312908e-08,0.0,1.4117598142492816e-08,2.6075208140998756e-08
38.900000000000006,50.0,25.0,-2.207661046193923e-08,0.0,1.4443274340054308e-08,2.6381525792688258e-08
39.0,50.0,25.0,-2.2228745416851782e-08,0.0,1.477425705483684e-08,2.6690743607655545e-08
39.1,50.0,25.0,-2.2379106900990424e-08,0.0,1.5110573729947035e-08,2.7002849185486384e-08
39.2,50.0,25.0,-2.252757718044656e-08,0.0,1.5452249236365568e-08,2.7317828246105818e-08
39.300000000000004,50.0,25.0,-2.2674035686708165e-08,0.0,1.5799305738831697e-08,2.763566456865468e-08
39.400000000000006,50.0,25.0,-2.281835902325884e-08,0.0,1.615176255893736e-08,2.7956339929873313e-08
39.5,50.0,25.0,-2.296042097656575e-08,0.0,1.6509636035530614e-08,2.827983404206629e-08
39.6,50.0,25.0,-2.3100092531676947e-08,0.0,1.6872939382539414e-08,2.8606124490725525e-08
39.7,50.0,25.0,-2.3237241892651643e-08,0.0,1.7241682544340517e-08,2.8935186671895188e-08
39.800000000000004,50.0,25.0,-2.3371734508048992e-08,0.0,1.7615872048811838e-08,2.926699372936753e-08
39.900000000000006,50.0,25.0,-2.3503433101701943e-08,0.0,1.7995510858220605e-08,2.9601516491803496e-08
40.0,50.0,25.0,-2.363219770900385e-08,0.0,1.8380598218114106e-08,2.993872340987815e-08
40.1,50.0,25.0,-2.3757885718935205e-08,0.0,1.8771129504395065e-08,3.027858049355611e-08
40.2,50.0,25.0,-2.388035192205809e-08,0.0,1.916709606877933e-08,3.062105124960865e-08
40.300000000000004,50.0,25.0,-2.399944856470366e-08,0.0,1.9568485082849225e-08,3.0966096619489337e-08
40.400000000000006,50.0,25.0,-2.4115025409576733e-08,0.0,1.9975279380932737e-08,3.131367491769128e-08
40.5,50.0,25.0,-2.4226929802997904e-08,0.0,2.0387457302054966e-08,3.1663741770714695e-08
40.6,50.0,25.0,-2.433500674900047e-08,0.0,2.0804992531225842e-08,3.201625005677994e-08
40.7,50.0,25.0,-2.4439098990493795e-08,0.0,2.1227853940345054e-08,3.2371149846426184e-08
40.800000000000004,50.0,25.0,-2.4539047097699855e-08,0.0,2.1656005429023254e-08,3.272838834414271e-08
40.900000000000006,50.0,25.0,-2.4634689564062366e-08,0.0,2.2089405765636317e-08,3.3087909831185324e-08
41.0,50.0,25.0,-2.4725862909819623e-08,0.0,2.2528008428946766e-08,3.3449655609735216e-08
41.1,50.0,25.0,-2.4812401793424354e-08,0.0,2.297176145064624e-08,3.381356394856545e-08
41.2,50.0,25.0,-2.489413913098197e-08,0.0,2.34206072591885e-08,3.417957003038278e-08
41.300000000000004,50.0,25.0,-2.497090622386858e-08,0.0,2.3874482525303335e-08,3.4547605901020884e-08
41.400000000000006,50.0,25.0,-2.5042532894676546e-08,0.0,2.433331800959736e-08,3.4917600420663965e-08
41.5,50.0,25.0,-2.5108847631621366e-08,0.0,2.479703841266659e-08,3.528947921728571e-08
41.6,50.0,25.0,-2.516967774152891e-08,0.0,2.526556222816331e-08,3.566316464249364e-08
41.7,50.0,25.0,-2.5224849511504335e-08,0.0,2.5738801599275558e-08,3.603857572997177e-08
41.800000000000004,50.0,25.0,-2.5274188379366673e-08,0.0,2.6216662179095936e-08,3.641562815672074e-08
41.900000000000006,50.0,25.0,-2.531751911291282e-08,0.0,2.6699042995370565e-08,3.6794234207296015e-08
42.0,50.0,25.0,-2.5354665998054733e-08,0.0,2.7185836320136456e-08,3.717430274125075e-08
42.1,50.0,25.0,-2.5385453035849572e-08,0.0,2.7676927544767755e-08,3.755573916398995e-08
42.2,50.0,25.0,-2.5409704148420348e-08,0.0,2.8172195060966574e-08,3.7938445401246996e-08
42.300000000000004,50.0,25.0,-2.5427243393738188e-08,0.0,2.867151014824662e-08,3.8322319877395356e-08
42.400000000000006,50.0,25.0,-2.5437895189211383e-08,0.0,2.917473686846866e-08,3.870725749780896e-08
42.5,50.0,25.0,-2.5441484543997614e-08,0.0,2.968173196799722e-08,3.909314963548598e-08
42.6,50.0,25.0,-2.5437837299926492e-08,0.0,3.0192344788056896e-08,3.9479884122150584e-08
42.7,50.0,25.0,-2.5426780380889437e-08,0.0,3.070641718387414e-08,3.986734524404786e-08
42.800000000000004,50.0,25.0,-2.5408142050520563e-08,0.0,3.122378345319529e-08,4.025541374264415e-08
42.900000000000006,50.0,25.0,-2.5381752177959957e-08,0.0,3.1744270274776306e-08,4.0643966820444847e-08
43.0,50.0,25.0,-2.534744251145583e-08,0.0,3.2267696657440594e-08,4.1032878152137475e-08
43.1,50.0,25.0,-2.5305046959526733e-08,0.0,3.279387390030262e-08,4.1422017901266026e-08
43.2,50.0,25.0,-2.525440187936826e-08,0.0,3.332260556475076e-08,4.181125274263613e-08
43.300000000000004,50.0,25.0,-2.5195346372151343e-08,0.0,3.3853687458780225e-08,4.220044589064733e-08
43.400000000000006,50.0,25.0,-2.5127722584821404e-08,0.0,3.4386907634258664e-08,4.258945713374121e-08
43.5,50.0,25.0,-2.5051376017968432e-08,0.0,3.492204639769787e-08,4.297814287514767e-08
43.6,50.0,25.0,-2.496615583929896e-08,0.0,3.545887633509323e-08,4.3366356180103445e-08
43.7,50.0,25.0,-2.487191520220126e-08,0.0,3.5997162351376385e-08,4.3753946829707145e-08
43.800000000000004,50.0,25.0,-2.476851156885548e-08,0.0,3.653666172501136e-08,4.414076138156701e-08
43.900000000000006,50.0,25.0,-2.4655807037299973e-08,0.0,3.7077124178240695e-08,4.4526643237383744e-08
44.0,50.0,25.0,-2.4533668671826124e-08,0.0,3.7618291963466735e-08,4.491143271760064e-08
44.1,50.0,25.0,-2.4401968836034246e-08,0.0,3.815989996622622e-08,4.5294967143239865e-08
44.2,50.0,25.0,-2.4260585527844524e-08,0.0,3.8701675825185265e-08,4.567708092502835e-08
44.300000000000004,50.0,25.0,-2.410940271571869e-08,0.0,3.924334006955057e-08,4.6057605659902654e-08
44.400000000000006,50.0,25.0,-2.394831067531161e-08,0.0,3.9784606274255804e-08,4.6436370234965595e-08
44.5,50.0,25.0,-2.3777206325735908e-08,0.0,4.0325181233243016e-08,4.681320093895001e-08
44.6,50.0,25.0,-2.35959935645882e-08,0.0,4.0864765151116465e-08,4.7187921581226594e-08
44.7,50.0,25.0,-2.3404583600853637e-08,0.0,4.1403051853401116e-08,4.756035361837387e-08
44.800000000000004,50.0,25.0,-2.320289528477391e-08,0.0,4.1939729015589655e-08,4.7930316288308344e-08
44.900000000000006,50.0,25.0,-2.2990855433735923e-08,0.0,4.2474478411109844e-08,4.8297626751951084e-08
45.0,50.0,25.0,-2.2768399153212333e-08,0.0,4.3006976178289955e-08,4.866210024238576e-08
45.1,50.0,25.0,-2.2535470151761256e-08,0.0,4.353689310634368e-08,4.9023550221440695e-08
45.2,50.0,25.0,-2.2292021049072896e-08,0.0,4.4063894940334125e-08,4.938178854360292e-08
45.300000000000004,50.0,25.0,-2.2038013676032493e-08,0.0,4.4587642705016896e-08,4.973662562714967e-08
45.400000000000006,50.0,25.0,-2.177341936575626e-08,0.0,4.510779304739578e-08,5.008787063235746e-08
45.5,50.0,25.0,-2.149821923454595e-08,0.0,4.5623998597758633e-08,5.0435331646623315e-08
45.6,50.0,25.0,-2.121240445170149e-08,0.0,4.61359083488926e-08,5.077881587630794e-08
45.7,50.0,25.0,-2.091597649712955e-08,0.0,4.66431680531079e-08,5.111812984508472e-08
45.800000000000004,50.0,25.0,-2.060894740568653e-08,0.0,4.714542063662772e-08,5.145307959855188e-08
45.900000000000006,50.0,25.0,-2.0291339997202087e-08,0.0,4.764230663082918e-08,5.178347091483926e-08
46.0,50.0,25.0,-1.9963188091139883e-08,0.0,4.813346461974838e-08,5.2109109520915805e-08
46.1,50.0,25.0,-1.9624536704867334e-08,0.0,4.861853170318673e-08,5.2429801314276004e-08
46.2,50.0,25.0,-1.9275442234528098e-08,0.0,4.90971439746846e-08,5.2745352589659855e-08
46.300000000000004,50.0,25.0,-1.8915972617534872e-08,0.0,4.956893701355344e-08,5.305557027043398e-08
46.400000000000006,50.0,25.0,-1.8546207475732e-08,0.0,5.003354639008597e-08,5.3360262144237846e-08
46.5,50.0,25.0,-1.8166238238312113e-08,0.0,5.0490608182991283e-08,5.3659237102473414e-08
46.6,50.0,25.0,-1.7776168243611725e-08,0.0,5.0939759508033524e-08,5.3952305383194536e-08
46.7,50.0,25.0,-1.737611281895708e-08,0.0,5.138063905678283e-08,5.423927881692862e-08
46.800000000000004,50.0,25.0,-1.696619933778091e-08,0.0,5.1812887644323215e-08,5.451997107494261e-08
46.900000000000006,50.0,25.0,-1.654656725328751e-08,0.0,5.223614876469749e-08,5.479419791944375e-08
47.0,50.0,25.0,-1.6117368108003285e-08,0.0,5.2650069152810736e-08,5.506177745518786e-08
47.1,50.0,25.0,-1.5678765518614757e-08,0.0,5.3054299351456654e-08,5.532253038194906e-08
47.2,50.0,25.0,-1.523093513556621e-08,0.0,5.3448494282079066e-08,5.5576280247289526e-08
47.300000000000004,50.0,25.0,-1.4774064576961676e-08,0.0,5.383231381783304e-08,5.582285369905315e-08
47.400000000000006,50.0,25.0,-1.430835333639468e-08,0.0,5.420542335746659e-08,5.606208073699461e-08
47.5,50.0,25.0,-1.3834012664409905e-08,0.0,5.456749439850574e-08,5.6293794962944266e-08
47.6,50.0,25.0,-1.3351265423385698e-08,0.0,5.4918205108193204e-08,5.6517833828901056e-08
47.7,50.0,25.0,-1.2860345915714703e-08,0.0,5.525724089060379e-08,5.673403888243861e-08
47.800000000000004,50.0,25.0,-1.2361499685249273e-08,0.0,5.5584294948339164e-08,5.6942256008805804e-08
47.900000000000006,50.0,25.0,-1.1854983292072037e-08,0.0,5.589906883718935e-08,5.714233566910037e-08
48.0,50.0,25.0,-1.1341064060745996e-08,0.0,5.6201273012141264e-08,5.733413313389488e-08
48.1,50.0,25.0,-1.0820019802294222e-08,0.0,5.6490627363112526e-08,5.7517508711696446e-08
48.2,50.0,25.0,-1.0292138510256935e-08,0.0,5.6766861738795014e-08,5.769232797162707e-08
48.300000000000004,50.0,25.0,-9.757718031269483e-09,0.0,5.702971645700535e-08,5.7858461959718464e-08
48.400000000000006,50.0,25.0,-9.21706571070326e-09,0.0,5.727894279995947e-08,5.801578740822579e-08
48.5,50.0,25.0,-8.670498014007247e-09,0.0,5.751430349291475e-08,5.8164186937375903e-08
48.6,50.0,25.0,-8.118340124483348e-09,0.0,5.7735573164659097e-08,5.830354924898226e-08
48.7,50.0,25.0,-7.560925518323027e-09,0.0,5.7942538788365873e-08,5.843376931137433e-08
48.800000000000004,50.0,25.0,-6.998595517822986e-09,0.0,5.813500010138314e-08,5.8554748535109514e-08
48.900000000000006,50.0,25.0,-6.431698823787851e-09,0.0,5.831277000258111e-08,5.8666394938958347e-08
49.0,50.0,25.0,-5.860591028212522e-09,0.0,5.847567492594272e-08,5.8768623305676394e-08
49.1,50.0,25.0,-5.285634108418817e-09,0.0,5.8623555189151903e-08,5.886135532710421e-08
49.2,50.0,25.0,-4.7071959038995014e-09,0.0,5.8756265316007983e-08,5.8944519738164046e-08
49.300000000000004,50.0,25.0,-4.125649577194313e-09,0.0,5.887367433157545e-08,5.901805243935291e-08
49.400000000000006,50.0,25.0,-3.5413730601920127e-09,0.0,5.8975666029064874e-08,5.908189660736401e-08
49.5,50.0,25.0,-2.9547484873139738e-09,0.0,5.906213920753153e-08,5.9136002793502346e-08
49.6,50.0,25.0,-2.3661616170912427e-09,0.0,5.913300787957382e-08,5.9180329009595196e-08
49.7,50.0,25.0,-1.7760012436981709e-09,0.0,5.9188201448314926e-08,5.921484080113639e-08
49.800000000000004,50.0,25.0,-1.1846586000477346e-09,0.0,5.922766485305444e-08,5.923951130744081e-08
49.900000000000006,50.0,25.0,-5.92526754091989e-10,0.0,5.925135868308208e-08,5.9254321308623226e-08
50.0,50.0,25.0,0.0,0.0,5.925925925925927e-08,5.925925925925927e-08
50.1,50.0,25.0,5.925267540920311e-10,0.0,5.925135868308208e-08,5.9254321308623226e-08
50.2,50.0,25.0,1.1846586000477766e-09,0.0,5.922766485305444e-08,5.923951130744081e-08
50.300000000000004,50.0,25.0,1.7760012436982127e-09,0.0,5.9188201448314926e-08,5.921484080113639e-08
50.400000000000006,50.0,25.0,2.366161617091285e-09,0.0,5.913300787957382e-08,5.91803290095952e-08
50.5,50.0,25.0,2.9547484873139738e-09,0.0,5.906213920753153e-08,5.9136002793502346e-08
50.6,50.0,25.0,3.541373060192055e-09,0.0,5.8975666029064874e-08,5.908189660736401e-08
50.7,50.0,25.0,4.125649577194353e-09,0.0,5.8873674331575425e-08,5.901805243935288e-08
50.800000000000004,50.0,25.0,4.707195903899542e-09,0.0,5.875626531600797e-08,5.894451973816404e-08
50.900000000000006,50.0,25.0,5.285634108418858e-09,0.0,5.8623555189151903e-08,5.8861355327104216e-08
51.0,50.0,25.0,5.860591028212522e-09,0.0,5.847567492594272e-08,5.8768623305676394e-08
51.1,50.0,25.0,6.431698823787893e-09,0.0,5.831277000258111e-08,5.8666394938958347e-08
51.2,50.0,25.0,6.998595517823027e-09,0.0,5.813500010138314e-08,5.855474853510952e-08
51.300000000000004,50.0,25.0,7.56092551832307e-09,0.0,5.7942538788365873e-08,5.8433769311374336e-08
51.400000000000006,50.0,25.0,8.11834012448339e-09,0.0,5.7735573164659097e-08,5.8303549248982267e-08
51.5,50.0,25.0,8.670498014007247e-09,0.0,5.751430349291475e-08,5.8164186937375903e-08
51.6,50.0,25.0,9.217065710703297e-09,0.0,5.727894279995943e-08,5.801578740822576e-08
51.7,50.0,25.0,9.757718031269518e-09,0.0,5.702971645700532e-08,5.785846195971844e-08
51.800000000000004,50.0,25.0,1.0292138510256972e-08,0.0,5.676686173879498e-08,5.769232797162704e-08
51.900000000000006,50.0,25.0,1.0820019802294261e-08,0.0,5.6490627363112526e-08,5.751750871169645e-08
52.0,50.0,25.0,1.1341064060745996e-08,0.0,5.6201273012141264e-08,5.733413313389488e-08
52.1,50.0,25.0,1.1854983292072078e-08,0.0,5.589906883718935e-08,5.7142335669100376e-08
52.2,50.0,25.0,1.2361499685249311e-08,0.0,5.5584294948339164e-08,5.694225600880581e-08
52.300000000000004,50.0,25.0,1.2860345915714736e-08,0.0,5.525724089060376e-08,5.673403888243858e-08
52.400000000000006,50.0,25.0,1.3351265423385731e-08,0.0,5.491820510819317e-08,5.651783382890103e-08
52.5,50.0,25.0,1.3834012664409905e-08,0.0,5.456749439850574e-08,5.6293794962944266e-08
52.6,50.0,25.0,1.4308353336394713e-08,0.0,5.420542335746656e-08,5.606208073699458e-08
52.7,50.0,25.0,1.4774064576961706e-08,0.0,5.3832313817833e-08,5.582285369905312e-08
52.800000000000004,50.0,25.0,1.5230935135566242e-08,0.0,5.3448494282079046e-08,5.557628024728952e-08
52.900000000000006,50.0,25.0,1.5678765518614797e-08,0.0,5.3054299351456654e-08,5.5322530381949074e-08
53.0,50.0,25.0,1.6117368108003285e-08,0.0,5.2650069152810736e-08,5.506177745518786e-08
53.1,50.0,25.0,1.654656725328754e-08,0.0,5.2236148764697467e-08,5.4794197919443737e-08
53.2,50.0,25.0,1.696619933778094e-08,0.0,5.181288764432318e-08,5.4519971074942585e-08
53.300000000000004,50.0,25.0,1.7376112818957106e-08,0.0,5.138063905678279e-08,5.423927881692859e-08
53.400000000000006,50.0,25.0,1.7776168243611755e-08,0.0,5.09397595080335e-08,5.3952305383194516e-08
53.5,50.0,25.0,1.8166238238312113e-08,0.0,5.0490608182991283e-08,5.3659237102473414e-08
53.6,50.0,25.0,1.8546207475732027e-08,0.0,5.003354639008593e-08,5.336026214423781e-08
53.7,50.0,25.0,1.8915972617534902e-08,0.0,4.9568937013553436e-08,5.305557027043398e-08
53.800000000000004,50.0,25.0,1.9275442234528124e-08,0.0,4.909714397468456e-08,5.274535258965983e-08
53.900000000000006,50.0,25.0,1.962453670486736e-08,0.0,4.8618531703186695e-08,5.242980131427599e-08
54.0,50.0,25.0,1.9963188091139883e-08,0.0,4.813346461974838e-08,5.2109109520915805e-08
54.1,50.0,25.0,2.0291339997202107e-08,0.0,4.764230663082914e-08,5.178347091483923e-08
54.2,50.0,25.0,2.0608947405686548e-08,0.0,4.7145420636627685e-08,5.145307959855186e-08
54.300000000000004,50.0,25.0,2.0915976497129572e-08,0.0,4.664316805310786e-08,5.111812984508469e-08
54.400000000000006,50.0,25.0,2.1212404451701516e-08,0.0,4.613590834889256e-08,5.077881587630791e-08
54.5,50.0,25.0,2.149821923454595e-08,0.0,4.5623998597758633e-08,5.0435331646623315e-08
54.6,50.0,25.0,2.1773419365756288e-08,0.0,4.510779304739576e-08,5.008787063235745e-08
54.7,50.0,25.0,2.203801367603251e-08,0.0,4.4587642705016856e-08,4.9736625627149646e-08
54.800000000000004,50.0,25.0,2.2292021049072902e-08,0.0,4.4063894940334046e-08,4.938178854360285e-08
54.900000000000006,50.0,25.0,2.2535470151761282e-08,0.0,4.3536893106343653e-08,4.902355022144069e-08
55.0,50.0,25.0,2.2768399153212333e-08,0.0,4.3006976178289955e-08,4.866210024238576e-08
55.1,50.0,25.0,2.299085543373593e-08,0.0,4.247447841110977e-08,4.8297626751951024e-08
55.2,50.0,25.0,2.3202895284773925e-08,0.0,4.193972901558963e-08,4.793031628830833e-08
55.300000000000004,50.0,25.0,2.3404583600853657e-08,0.0,4.140305185340108e-08,4.7560353618373856e-08
55.400000000000006,50.0,25.0,2.3595993564588216e-08,0.0,4.0864765151116445e-08,4.718792158122659e-08
55.5,50.0,25.0,2.3777206325735908e-08,0.0,4.0325181233243016e-08,4.681320093895001e-08
55.6,50.0,25.0,2.394831067531164e-08,0.0,3.9784606274255804e-08,4.64363702349656e-08
55.7,50.0,25.0,2.4109402715718693e-08,0.0,3.924334006955051e-08,4.605760565990261e-08
55.800000000000004,50.0,25.0,2.4260585527844527e-08,0.0,3.8701675825185205e-08,4.56770809250283e-08
55.900000000000006,50.0,25.0,2.4401968836034236e-08,0.0,3.815989996622614e-08,4.529496714323979e-08
56.0,50.0,25.0,2.4533668671826124e-08,0.0,3.7618291963466735e-08,4.491143271760064e-08
56.1,50.0,25.0,2.4655807037299983e-08,0.0,3.707712417824065e-08,4.452664323738371e-08
56.2,50.0,25.0,2.4768511568855483e-08,0.0,3.653666172501131e-08,4.414076138156697e-08
56.300000000000004,50.0,25.0,2.4871915202201262e-08,0.0,3.599716235137634e-08,4.3753946829707105e-08
56.400000000000006,50.0,25.0,2.496615583929896e-08,0.0,3.545887633509318e-08,4.3366356180103405e-08
56.5,50.0,25.0,2.5051376017968432e-08,0.0,3.492204639769787e-08,4.297814287514767e-08
56.6,50.0,25.0,2.5127722584821417e-08,0.0,3.438690763425863e-08,4.25894571337412e-08
56.7,50.0,25.0,2.5195346372151333e-08,0.0,3.3853687458780165e-08,4.2200445890647276e-08
56.800000000000004,50.0,25.0,2.5254401879368256e-08,0.0,3.3322605564750704e-08,4.181125274263608e-08
56.900000000000006,50.0,25.0,2.5305046959526763e-08,0.0,3.279387390030262e-08,4.142201790126604e-08
57.0,50.0,25.0,2.534744251145583e-08,0.0,3.2267696657440594e-08,4.1032878152137475e-08
57.1,50.0,25.0,2.5381752177959954e-08,0.0,3.174427027477626e-08,4.064396682044481e-08
57.2,50.0,25.0,2.5408142050520556e-08,0.0,3.1223783453195247e-08,4.025541374264411e-08
57.300000000000004,50.0,25.0,2.5426780380889437e-08,0.0,3.07064171838741e-08,3.986734524404782e-08
57.400000000000006,50.0,25.0,2.543783729992649e-08,0.0,3.0192344788056856e-08,3.947988412215055e-08
57.5,50.0,25.0,2.5441484543997614e-08,0.0,2.968173196799722e-08,3.909314963548598e-08
57.6,50.0,25.0,2.5437895189211406e-08,0.0,2.917473686846866e-08,3.870725749780898e-08
57.7,50.0,25.0,2.5427243393738185e-08,0.0,2.8671510148246584e-08,3.832231987739533e-08
57.800000000000004,50.0,25.0,2.5409704148420338e-08,0.0,2.817219506096653e-08,3.793844540124696e-08
57.900000000000006,50.0,25.0,2.538545303584957e-08,0.0,2.767692754476772e-08,3.755573916398992e-08
58.0,50.0,25.0,2.5354665998054733e-08,0.0,2.7185836320136456e-08,3.717430274125075e-08
58.1,50.0,25.0,2.531751911291282e-08,0.0,2.669904299537053e-08,3.679423420729599e-08
58.2,50.0,25.0,2.527418837936664e-08,0.0,2.6216662179095846e-08,3.641562815672066e-08
58.300000000000004,50.0,25.0,2.522484951150433e-08,0.0,2.5738801599275518e-08,3.6038575729971746e-08
58.400000000000006,50.0,25.0,2.5169677741528898e-08,0.0,2.5265562228163272e-08,3.56631646424936e-08
58.5,50.0,25.0,2.5108847631621366e-08,0.0,2.479703841266659e-08,3.528947921728571e-08
58.6,50.0,25.0,2.5042532894676543e-08,0.0,2.4333318009597326e-08,3.491760042066394e-08
58.7,50.0,25.0,2.497090622386857e-08,0.0,2.38744825253033e-08,3.454760590102085e-08
58.800000000000004,50.0,25.0,2.4894139130981958e-08,0.0,2.3420607259188474e-08,3.4179570030382755e-08
58.900000000000006,50.0,25.0,2.481240179342434e-08,0.0,2.2971761450646193e-08,3.38135639485654e-08
59.0,50.0,25.0,2.4725862909819623e-08,0.0,2.2528008428946766e-08,3.3449655609735216e-08
59.1,50.0,25.0,2.463468956406234e-08,0.0,2.208940576563626e-08,3.3087909831185264e-08
59.2,50.0,25.0,2.4539047097699848e-08,0.0,2.165600542902321e-08,3.2728388344142675e-08
59.300000000000004,50.0,25.0,2.443909899049379e-08,0.0,2.1227853940345024e-08,3.237114984642616e-08
59.400000000000006,50.0,25.0,2.433500674900044e-08,0.0,2.0804992531225783e-08,3.2016250056779875e-08
59.5,50.0,25.0,2.4226929802997904e-08,0.0,2.0387457302054966e-08,3.1663741770714695e-08
59.6,50.0,25.0,2.411502540957672e-08,0.0,1.9975279380932714e-08,3.131367491769125e-08
59.7,50.0,25.0,2.3999448564703647e-08,0.0,1.956848508284919e-08,3.096609661948931e-08
59.800000000000004,50.0,25.0,2.3880351922058075e-08,0.0,1.9167096068779297e-08,3.062105124960862e-08
59.900000000000006,50.0,25.0,2.375788571893519e-08,0.0,1.8771129504395045e-08,3.027858049355608e-08
60.0,50.0,25.0,2.363219770900385e-08,0.0,1.8380598218114106e-08,2.993872340987815e-08
60.1,50.0,25.0,2.350343310170193e-08,0.0,1.7995510858220575e-08,2.9601516491803466e-08
60.2,50.0,25.0,2.3371734508048966e-08,0.0,1.76158720488118e-08,2.9266993729367486e-08
60.300000000000004,50.0,25.0,2.3237241892651633e-08,0.0,1.7241682544340493e-08,2.8935186671895168e-08
60.400000000000006,50.0,25.0,2.310009253167694e-08,0.0,1.6872939382539397e-08,2.860612449072551e-08
60.5,50.0,25.0,2.296042097656575e-08,0.0,1.6509636035530614e-08,2.827983404206629e-08
60.6,50.0,25.0,2.281835902325883e-08,0.0,1.615176255893734e-08,2.7956339929873293e-08
60.7,50.0,25.0,2.267403568670816e-08,0.0,1.579930573883168e-08,2.7635664568654665e-08
60.800000000000004,50.0,25.0,2.2527577180446555e-08,0.0,1.5452249236365545e-08,2.73178282461058e-08
60.900000000000006,50.0,25.0,2.2379106900990417e-08,0.0,1.5110573729947012e-08,2.7002849185486364e-08
61.0,50.0,25.0,2.2228745416851782e-08,0.0,1.477425705483684e-08,2.6690743607655545e-08
61.1,50.0,25.0,2.207661046193922e-08,0.0,1.4443274340054288e-08,2.6381525792688238e-08
61.2,50.0,25.0,2.192281693312908e-08,0.0,1.4117598142492803e-08,2.607520814099875e-08
61.300000000000004,50.0,25.0,2.1767476891792433e-08,0.0,1.3797198578158534e-08,2.5771801233904033e-08
61.400000000000006,50.0,25.0,2.1610699569066854e-08,0.0,1.348204345045643e-08,2.5471313893563902e-08
61.5,50.0,25.0,2.1452591374665717e-08,0.0,1.3172098375458997e-08,2.517375324223926e-08
61.6,50.0,25.0,2.129325590902257e-08,0.0,1.2867326904103599e-08,2.4879124760814897e-08
61.7,50.0,25.0,2.1132793978572778e-08,0.0,1.2567690641274299e-08,2.4587432346537844e-08
61.800000000000004,50.0,25.0,2.097130361397882e-08,0.0,1.2273149361732672e-08,2.4298678369925395e-08
61.900000000000006,50.0,25.0,2.080888009111159e-08,0.0,1.1983661122871894e-08,2.4012863730802528e-08
62.0,50.0,25.0,2.0645615954604545e-08,0.0,1.1699182374275912e-08,2.372998791343118e-08
62.1,50.0,25.0,2.048160104380359e-08,0.0,1.1419668064074073e-08,2.3450049040698604e-08
62.2,50.0,25.0,2.0316922520940288e-08,0.0,1.1145071742088114e-08,2.3173043927334657e-08
62.300000000000004,50.0,25.0,2.0151664901362335e-08,0.0,1.0875345659775859e-08,2.2898968132132162e-08
62.400000000000006,50.0,25.0,1.9985910085660388e-08,0.0,1.0610440866982132e-08,2.262781600914737e-08
62.5,50.0,25.0,1.9819737393536176e-08,0.0,1.0350307305513336e-08,2.23595807578608e-08
62.6,50.0,25.0,1.9653223599262614e-08,0.0,1.0094893899557748e-08,2.2094254472281726e-08
62.7,50.0,25.0,1.948644296859223e-08,0.0,9.844148642978579e-09,2.183182818898258e-08
62.800000000000004,50.0,25.0,1.931946729697597e-08,0.0,9.598018683511528e-09,2.1572291934051894e-08
62.900000000000006,50.0,25.0,1.9152365948959905e-08,0.0,9.356450403902728e-09,2.1315634768957043e-08
63.0,50.0,25.0,1.8985205898633615e-08,0.0,9.11938950002743e-09,2.1061844835311153e-08
63.1,50.0,25.0,1.8818051771008557e-08,0.0,8.88678105603235e-09,2.0810909398539356e-08
63.2,50.0,25.0,1.865096588421136e-08,0.0,8.658569616549034e-09,2.0562814890443433e-08
63.300000000000004,50.0,25.0,1.8484008292381385e-08,0.0,8.434699256027197e-09,2.0317546950664333e-08
63.400000000000006,50.0,25.0,1.831723682916791e-08,0.0,8.215113645240737e-09,2.0075090467045118e-08
63.5,50.0,25.0,1.8150707151727156e-08,0.0,7.999756115020489e-09,1.983542961489786e-08
63.6,50.0,25.0,1.798447278512429e-08,0.0,7.788569717270163e-09,1.9598547895179736e-08
63.7,50.0,25.0,1.7818585167051513e-08,0.0,7.581497283324059e-09,1.9364428171586122e-08
63.800000000000004,50.0,25.0,1.765309369277649e-08,0.0,7.378481479705413e-09,1.9133052706567786e-08
63.900000000000006,50.0,25.0,1.7488045760241983e-08,0.0,7.1794648613469785e-09,1.8904403196282966e-08
64.0,50.0,25.0,1.732348681524054e-08,0.0,6.984389922335071e-09,1.8678460804494266e-08
64.10000000000001,50.0,25.0,1.715946039659392e-08,0.0,6.793199144240224e-09,1.845520619542305e-08
64.2,50.0,25.0,1.699600818127013e-08,0.0,6.605835042097412e-09,1.8234619565573704e-08
64.3,50.0,25.0,1.683317002937596e-08,0.0,6.422240208099601e-09,1.801668067454192e-08
64.4,50.0,25.0,1.6670984028966312e-08,0.0,6.2423573530684905e-09,1.7801368874821342e-08
64.5,50.0,25.0,1.6509486540616428e-08,0.0,6.066129345766724e-09,1.7588663140624623e-08
64.60000000000001,50.0,25.0,1.6348712241705445e-08,0.0,5.8934992501149315e-09,1.7378542095733886e-08
64.7,50.0,25.0,1.6188694170365175e-08,0.0,5.724410360378103e-09,1.7170984040398486e-08
64.8,50.0,25.0,1.60294637690496e-08,0.0,5.558806234383928e-09,1.6965966977296034e-08
64.9,50.0,25.0,1.5871050927685667e-08,0.0,5.396630724836767e-09,1.6763468636575316e-08
65.0,50.0,25.0,1.571348402636772e-08,0.0,5.237828008789238e-09,1.6563466499998437e-08
65.10000000000001,50.0,25.0,1.5556789977561943e-08,0.0,5.08234261533329e-09,1.6365937824200743e-08
65.2,50.0,25.0,1.540099426778972e-08,0.0,4.93011945157198e-09,1.6170859663087184e-08
65.3,50.0,25.0,1.5246120998761663e-08,0.0,4.781103826931928e-09,1.597820888938383e-08
65.4,50.0,25.0,1.50921929279368e-08,0.0,4.635241475875992e-09,1.5787962215363537e-08
65.5,50.0,25.0,1.493923150848406e-08,0.0,4.492478579074592e-09,1.5600096212765066e-08
65.60000000000001,50.0,25.0,1.4787256928625091e-08,0.0,4.352761783092713e-09,1.541458733192437e-08
65.7,50.0,25.0,1.4636288150340823e-08,0.0,4.21603821864948e-09,1.5231411920137943e-08
65.8,50.0,25.0,1.4486342947425036e-08,0.0,4.082255517505038e-09,1.505054623927688e-08
65.9,50.0,25.0,1.4337437942871325e-08,0.0,3.951361828029058e-09,1.4871966482671062e-08
66.0,50.0,25.0,1.4189588645581506e-08,0.0,3.823305829503904e-09,1.4695648791282885e-08
66.10000000000001,50.0,25.0,1.4042809486384778e-08,0.0,3.6980367452137282e-09,1.4521569269188825e-08
66.2,50.0,25.0,1.3897113853359931e-08,0.0,3.575504354370626e-09,1.4349703998388671e-08
66.3,50.0,25.0,1.3752514126453194e-08,0.0,3.455659002926503e-09,1.4180029052960424e-08
66.4,50.0,25.0,1.3609021711386771e-08,0.0,3.33845161331905e-09,1.401252051257978e-08
66.5,50.0,25.0,1.3466647072854431e-08,0.0,3.223833693198488e-09,1.3847154475422763e-08
66.60000000000001,50.0,25.0,1.3325399767001312e-08,0.0,3.1117573431803264e-09,1.368390707046914e-08
66.7,50.0,25.0,1.3185288473187307e-08,0.0,3.0021752636687644e-09,1.3522754469225221e-08
66.8,50.0,25.0,1.3046321025033648e-08,0.0,2.8950407607931823e-09,1.3363672896883138e-08
66.9,50.0,25.0,1.2908504440754152e-08,0.0,2.790307751499763e-09,1.3206638642934445e-08
67.0,50.0,25.0,1.2771844952773379e-08,0.0,2.6879307678385785e-09,1.3051628071255177e-08
67.10000000000001,50.0,25.0,1.2636348036634416e-08,0.0,2.5878649604850053e-09,1.2898617629678791e-08
67.2,50.0,25.0,1.2502018439201088e-08,0.0,2.4900661015339e-09,1.2747583859074323e-08
67.3,50.0,25.0,1.2368860206158714e-08,0.0,2.3944905866026712e-09,1.2598503401945224e-08
67.4,50.0,25.0,1.2236876708819649e-08,0.0,2.301095436279183e-09,1.2451353010565466e-08
67.5,50.0,25.0,1.2106070670239744e-08,0.0,2.2098382969485243e-09,1.2306109554668337e-08
67.60000000000001,50.0,25.0,1.1976444190652477e-08,0.0,2.1206774410316943e-09,1.2162750028702975e-08
67.7,50.0,25.0,1.1847998772228806e-08,0.0,2.033571766668422e-09,1.2021251558674174e-08
67.8,50.0,25.0,1.1720735343170445e-08,0.0,1.948480796874629e-09,1.188159140857966e-08
67.9,50.0,25.0,1.1594654281145304e-08,0.0,1.865364678204368e-09,1.1743746986459374e-08
68.0,50.0,25.0,1.1469755436074175e-08,0.0,1.7841841789448725e-09,1.1607695850070774e-08
68.10000000000001,50.0,25.0,1.1346038152277826e-08,0.0,1.7049006868720417e-09,1.1473415712203615e-08
68.2,50.0,25.0,1.1223501289994693e-08,0.0,1.6274762065931248e-09,1.1340884445647936e-08
68.3,50.0,25.0,1.1102143246278593e-08,0.0,1.5518733565016776e-09,1.1210080087827614e-08
68.4,50.0,25.0,1.0981961975287463e-08,0.0,1.478055365369603e-09,1.1080980845112836e-08
68.5,50.0,25.0,1.086295500797327e-08,0.0,1.4059860685995413e-09,1.0953565096823387e-08
68.60000000000001,50.0,25.0,1.0745119471183782e-08,0.0,1.3356299041600448e-09,1.0827811398934663e-08
68.7,50.0,25.0,1.0628452106187578e-08,0.0,1.2669519082254026e-09,1.0703698487498569e-08
68.8,50.0,25.0,1.0512949286632765e-08,0.0,1.1999177105404958e-09,1.0581205281790024e-08
68.9,50.0,25.0,1.039860703595108e-08,0.0,1.1344935295307445e-09,1.0460310887190612e-08
69.0,50.0,25.0,1.0285421044218387e-08,0.0,1.0706461671759484e-09,1.0340994597819834e-08
69.10000000000001,50.0,25.0,1.0173386684482757e-08,0.0,1.008343003666179e-09,1.0223235898924254e-08
69.2,50.0,25.0,1.0062499028571912e-08,0.0,9.475519918571856e-10,1.0107014469035017e-08
69.3,50.0,25.0,9.952752862390816e-09,0.0,8.882416515416364e-10,9.992310181902981e-09
69.4,50.0,25.0,9.84414270072132e-09,0.0,8.303810635522496e-10,9.879103108221464e-09
69.5,50.0,25.0,9.736662801534896e-09,0.0,7.739398637117475e-10,9.767373517145514e-09
69.60000000000001,50.0,25.0,9.630307179829677e-09,0.0,7.188882366439725e-10,9.657101877616499e-09
69.7,50.0,25.0,9.525069621003426e-09,0.0,6.651969094600322e-10,9.548268859501052e-09
69.8,50.0,25.0,9.420943693773165e-09,0.0,6.12837145332316e-10,9.440855334552238e-09
69.9,50.0,25.0,9.317922762652843e-09,0.0,5.617807369688736e-10,9.334842377201302e-09
70.0,50.0,25.0,9.216e-09,0.0,5.12e-10,9.230211265187813e-09
70.10000000000001,50.0,25.0,9.115168397642168e-09,0.0,4.6346776628806954e-10,9.126943480035501e-09
70.2,50.0,25.0,9.015420778094001e-09,0.0,4.1615737717142053e-10,9.02502070738141e-09
70.3,50.0,25.0,8.916749805375565e-09,0.0,3.700426766522034e-10,8.924424837165088e-09
70.4,50.0,25.0,8.819147995442462e-09,0.0,3.2509800453787647e-10,8.825137963684834e-09
70.5,50.0,25.0,8.722607726238184e-09,0.0,2.8129818954535083e-10,8.727142385527554e-09
70.60000000000001,50.0,25.0,8.627121247378703e-09,0.0,2.3861854237625525e-10,8.630420605378327e-09
70.7,50.0,25.0,8.532680689479695e-09,0.0,1.9703484877155884e-10,8.53495532971615e-09
70.8,50.0,25.0,8.439278073136014e-09,0.0,1.565233625530376e-10,8.440729468401367e-09
70.9,50.0,25.0,8.346905317563364e-09,0.0,1.1706079865886274e-10,8.34772613416074e-09
71.0,50.0,25.0,8.255554248911767e-09,0.0,7.86243261801129e-11,8.25592864197556e-09
71.10000000000001,50.0,25.0,8.165216608260019e-09,0.0,4.119156140448886e-11,8.165320508377867e-09
71.2,50.0,25.0,8.075884059300739e-09,0.0,4.740560873382977e-12,8.075885450660204e-09
71.3,50.0,25.0,7.987548195724659e-09,0.0,-3.0750185542225674e-11,7.987607386003342e-09
71.4,50.0,25.0,7.900200548313481e-09,0.0,-6.530176154161695e-11,7.900470430527101e-09
71.5,50.0,25.0,7.813832591749713e-09,0.0,-9.893483126504886e-11,7.814458898268485e-09
71.60000000000001,50.0,25.0,7.728435751152075e-09,0.0,-1.3166964613074178e-10,7.729557300091494e-09
71.7,50.0,25.0,7.644001408344973e-09,0.0,-1.6352605163371974e-10,7.645750342532958e-09
71.8,50.0,25.0,7.56052090787e-09,0.0,-1.9452349410258612e-10,7.563022926588103e-09
71.9,50.0,25.0,7.477985562747654e-09,0.0,-2.2468102741041137e-10,7.481360146439987e-09
72.0,50.0,25.0,7.396386659997022e-09,0.0,-2.5401731963626343e-10,7.400747288136319e-09
72.10000000000001,50.0,25.0,7.315715465920927e-09,0.0,-2.8255065967423256e-10,7.32116982821714e-09
72.2,50.0,25.0,7.235963231164255e-09,0.0,-3.1029896378686647e-10,7.242613432296953e-09
72.3,50.0,25.0,7.157121195552539e-09,0.0,-3.372797821003289e-10,7.165063953604395e-09
72.4,50.0,25.0,7.079180592717934e-09,0.0,-3.635103050387721e-10,7.08850743148257e-09
72.5,50.0,25.0,7.002132654519658e-09,0.0,-3.890073696955365e-10,7.012930089853168e-09
72.60000000000001,50.0,25.0,6.925968615265391e-09,0.0,-4.1378746613916264e-10,6.938318335646979e-09
72.7,50.0,25.0,6.8506797157405366e-09,0.0,-4.378667436521766e-10,6.864658757203842e-09
72.8,50.0,25.0,6.776257207051407e-09,0.0,-4.612610169010434e-10,6.791938122644281e-09
72.9,50.0,25.0,6.7026923542889605e-09,0.0,-4.839857720355586e-10,6.7201433782157165e-09
73.0,50.0,25.0,6.629976440018861e-09,0.0,-5.060561727164165e-10,6.649261646615326e-09
73.10000000000001,50.0,25.0,6.5581007676038996e-09,0.0,-5.274870660696157e-10,6.579280225291942e-09
73.2,50.0,25.0,6.487056664364653e-09,0.0,-5.482929885666077e-10,6.510186584729286e-09
73.3,50.0,25.0,6.416835484583759e-09,0.0,-5.68488171829266e-10,6.4419683667123874e-09
73.4,50.0,25.0,6.347428612359435e-09,0.0,-5.880865483587742e-10,6.374613382579351e-09
73.5,50.0,25.0,6.278827464313536e-09,0.0,-6.071017571877616e-10,6.308109611460347e-09
73.60000000000001,50.0,25.0,6.211023492159092e-09,0.0,-6.255471494551214e-10,6.2424451985054346e-09
73.7,50.0,25.0,6.144008185132706e-09,0.0,-6.434357939029287e-10,6.177608453103286e-09
73.8,50.0,25.0,6.077773072296237e-09,0.0,-6.607804822952129e-10,6.1135878470920436e-09
73.9,50.0,25.0,6.012309724712834e-09,0.0,-6.775937347582009e-10,6.0503720129641675e-09
74.0,50.0,25.0,5.947609757501775e-09,0.0,-6.938878050418734e-10,5.987949742066657e-09
74.10000000000001,50.0,25.0,5.883664831776437e-09,0.0,-7.096746857027923e-10,5.926309982797913e-09
74.2,50.0,25.0,5.8204666564699925e-09,0.0,-7.249661132080714e-10,5.865441838802853e-09
74.3,50.0,25.0,5.7580069900526915e-09,0.0,-7.397735729606791e-10,5.805334567167224e-09
74.4,50.0,25.0,5.696277642145054e-09,0.0,-7.541083042460896e-10,5.745977576612576e-09
74.5,50.0,25.0,5.635270475030802e-09,0.0,-7.67981305100569e-10,5.687360425692911e-09
74.60000000000001,50.0,25.0,5.574977405073231e-09,0.0,-7.814033371013236e-10,5.629472820994e-09
74.7,50.0,25.0,5.515390404039001e-09,0.0,-7.943849300788173e-10,5.572304615336622e-09
74.8,50.0,25.0,5.456501500332589e-09,0.0,-8.069363867516935e-10,5.515845805984398e-09
74.9,50.0,25.0,5.398302780145153e-09,0.0,-8.190677872846759e-10,5.460086532857359e-09
75.0,50.0,25.0,5.340786388521038e-09,0.0,-8.307889937699386e-10,5.405017076752012e-09
75.10000000000001,50.0,25.0,5.283944530345097e-09,0.0,-8.42109654632512e-10,5.350627857568601e-09
75.2,50.0,25.0,5.227769471254225e-09,0.0,-8.530392089602144e-10,5.296909432546601e-09
75.3,50.0,25.0,5.172253538475846e-09,0.0,-8.635868907587819e-10,5.243852494508816e-09
75.4,50.0,25.0,5.1173891215965215e-09,0.0,-8.737617331327891e-10,5.191447870115006e-09
75.5,50.0,25.0,5.0631686732635006e-09,0.0,-8.835725723930428e-10,5.139686518125608e-09
75.60000000000001,50.0,25.0,5.0095847098218126e-09,0.0,-8.930280520911548e-10,5.088559527676002e-09
75.7,50.0,25.0,4.956629811889816e-09,0.0,-9.021366269820036e-10,5.0380581165621085e-09
75.8,50.0,25.0,4.904296624875535e-09,0.0,-9.109065669148669e-10,4.988173629537588e-09
75.9,50.0,25.0,4.852577859436473e-09,0.0,-9.193459606539415e-10,4.938897536623308e-09
76.0,50.0,25.0,4.801466291885206e-09,0.0,-9.274627196291087e-10,4.8902214314294285e-09
76.10000000000001,50.0,25.0,4.750954764543058e-09,0.0,-9.352645816177118e-10,4.842137029490485e-09
76.2,50.0,25.0,4.701036186044248e-09,0.0,-9.427591143581875e-10,4.794636166613989e-09
76.3,50.0,25.0,4.6517035315924635e-09,0.0,-9.499537190963941e-10,4.747710797242695e-09
76.4,50.0,25.0,4.602949843172166e-09,0.0,-9.56855634065487e-10,4.701352992831057e-09
76.5,50.0,25.0,4.554768229716535e-09,0.0,-9.63471937900206e-10,4.655554940236049e-09
76.60000000000001,50.0,25.0,4.5071518672339895e-09,0.0,-9.698095529864554e-10,4.610308940122628e-09
76.7,50.0,25.0,4.460093998895267e-09,0.0,-9.758752487470469e-10,4.565607405384161e-09
76.80000000000001,50.0,25.0,4.413587935082754e-09,0.0,-9.816756448645107e-10,4.521442859577925e-09
76.9,50.0,25.0,4.36762705340395e-09,0.0,-9.872172144418474e-10,4.477807935376013e-09
77.0,50.0,25.0,4.32220479867063e-09,0.0,-9.925062871021453e-10,4.434695373031693e-09
77.10000000000001,50.0,25.0,4.277314682845429e-09,0.0,-9.975490520279377e-10,4.392098018861479e-09
77.2,50.0,25.0,4.2329502849573984e-09,0.0,-1.0023515609412197e-09,4.35000882374303e-09
77.30000000000001,50.0,25.0,4.189105250987974e-09,0.0,-1.0069197310250229e-09,4.308420841628928e-09
77.4,50.0,25.0,4.145773293728963e-09,0.0,-1.0112593477874479e-09,4.267327228076584e-09
77.5,50.0,25.0,4.102948192613781e-09,0.0,-1.015376067869067e-09,4.226721238794196e-09
77.60000000000001,50.0,25.0,4.06062379352345e-09,0.0,-1.0192754217945827e-09,4.186596228202966e-09
77.7,50.0,25.0,4.018794008568566e-09,0.0,-1.022962816669652e-09,4.1469456480155746e-09
77.80000000000001,50.0,25.0,3.9774528158484855e-09,0.0,-1.0264435388237617e-09,4.107763045830917e-09
77.9,50.0,25.0,3.9365942591890324e-09,0.0,-1.0297227564000563e-09,4.069042063745246e-09
78.0,50.0,25.0,3.896212447859768e-09,0.0,-1.0328055218929856e-09,4.030776436979611e-09
78.10000000000001,50.0,25.0,3.856301556272026e-09,0.0,-1.0356967746346728e-09,3.992959992523681e-09
78.2,50.0,25.0,3.816855823658785e-09,0.0,-1.0384013432308581e-09,3.955586647795954e-09
78.30000000000001,50.0,25.0,3.77786955373732e-09,0.0,-1.0409239479473035e-09,3.9186504093202315e-09
78.4,50.0,25.0,3.7393371143558e-09,0.0,-1.0432692030475007e-09,3.882145371418506e-09
78.5,50.0,25.0,3.7012529371245734e-09,0.0,-1.0454416190825542e-09,3.8460657149200184e-09
78.60000000000001,50.0,25.0,3.663611517033243e-09,0.0,-1.047445605134075e-09,3.81040570588662e-09
78.7,50.0,25.0,3.62640741205438e-09,0.0,-1.049285471010918e-09,3.77515969435434e-09
78.80000000000001,50.0,25.0,3.589635242734536e-09,0.0,-1.0509654294006126e-09,3.740322113090936e-09
78.9,50.0,25.0,3.553289691773718e-09,0.0,-1.0524895979762826e-09,3.7058874763696807e-09
79.0,50.0,25.0,3.51736550359374e-09,0.0,-1.0538620014598877e-09,3.6718503787589552e-09
79.10000000000001,50.0,25.0,3.4818574838964646e-09,0.0,-1.0550865736425787e-09,3.6382054939278315e-09
79.2,50.0,25.0,3.4467604992125315e-09,0.0,-1.056167159362964e-09,3.6049475734674218e-09
79.30000000000001,50.0,25.0,3.4120694764412957e-09,0.0,-1.0571075164440703e-09,3.5720714457279444e-09
79.4,50.0,25.0,3.3777794023826335e-09,0.0,-1.0579113175897723e-09,3.539572014671394e-09
79.5,50.0,25.0,3.3438853232612323e-09,0.0,-1.0585821522414557e-09,3.5074442587396923e-09
79.60000000000001,50.0,25.0,3.3103823442440213e-09,0.0,-1.0591235283956703e-09,3.4756832297382675e-09
79.7,50.0,25.0,3.2772656289512946e-09,0.0,-1.0595388743835123e-09,3.4442840517349035e-09
79.80000000000001,50.0,25.0,3.2445303989620363e-09,0.0,-1.059831540612477e-09,3.4132419199737022e-09
79.9,50.0,25.0,3.212171933314118e-09,0.0,-1.0600048012715e-09,3.3825520998041686e-09
80.0,50.0,25.0,3.1801855679997018e-09,0.0,-1.0600618559999001e-09,3.352209925625115e-09
80.10000000000001,50.0,25.0,3.1485666954564787e-09,0.0,-1.060005831520938e-09,3.3222107998434003e-09
80.2,50.0,25.0,3.1173107640551954e-09,0.0,-1.0598397832406647e-09,3.292550191847348e-09
80.30000000000001,50.0,25.0,3.086413277583782e-09,0.0,-1.0595666968127563e-09,3.2632236369945835e-09
80.4,50.0,25.0,3.055869794728727e-09,0.0,-1.0591894896700099e-09,3.2342267356143734e-09
80.5,50.0,25.0,3.0256759285538986e-09,0.0,-1.0587110125231404e-09,3.205555152024103e-09
80.60000000000001,50.0,25.0,2.9958273459773483e-09,0.0,-1.0581340508275555e-09,3.177204613559916e-09
80.7,50.0,25.0,2.9663197672463994e-09,0.0,-1.0574613262187336e-09,3.149170909621295e-09
80.80000000000001,50.0,25.0,2.9371489654113794e-09,0.0,-1.0566954979168346e-09,3.1214498907294417e-09
80.9,50.0,25.0,2.9083107657983855e-09,0.0,-1.0558391641011744e-09,3.0940374675993596e-09
81.0,50.0,25.0,2.8798010454812987e-09,0.0,-1.0548948632551559e-09,3.066929610225395e-09
81.10000000000001,50.0,25.0,2.8516157327535047e-09,0.0,-1.0538650754822739e-09,3.0401223469802274e-09
81.2,50.0,25.0,2.8237508065995014e-09,0.0,-1.0527522237937632e-09,3.013611763727048e-09
81.30000000000001,50.0,25.0,2.7962022961666554e-09,0.0,-1.0515586753684896e-09,2.9873940029447754e-09
81.4,50.0,25.0,2.768966280237517e-09,0.0,-1.0502867427856331e-09,2.96146526286628e-09
81.5,50.0,25.0,2.742038886702755e-09,0.0,-1.0489386852307368e-09,2.9358217966292966e-09
81.60000000000001,50.0,25.0,2.715416292035114e-09,0.0,-1.047516709675656e-09,2.9104599114400186e-09
81.7,50.0,25.0,2.6890947207645206e-09,0.0,-1.046022972032966e-09,2.8853759677491413e-09
81.80000000000001,50.0,25.0,2.6630704449545913e-09,0.0,-1.0444595782853366e-09,2.860566378440226e-09
81.9,50.0,25.0,2.6373397836807525e-09,0.0,-1.0428285855904097e-09,2.8360276080302415e-09
82.0,50.0,25.0,2.6118991025101323e-09,0.0,-1.0411320033616774e-09,2.8117561718821096e-09
82.10000000000001,50.0,25.0,2.586744812983447e-09,0.0,-1.039371794325873e-09,2.787748635429126e-09
82.2,50.0,25.0,2.5618733720990613e-09,0.0,-1.0375498755573588e-09,2.7640016134111257e-09
82.30000000000001,50.0,25.0,2.5372812817992974e-09,0.0,-1.0356681194899932e-09,2.7405117691221516e-09
82.4,50.0,25.0,2.5129650884592873e-09,0.0,-1.0337283549069572e-09,2.7172758136696095e-09
82.5,50.0,25.0,2.488921382378395e-09,0.0,-1.0317323679089926e-09,2.694290505244651e-09
82.60000000000001,50.0,25.0,2.4651467972743867e-09,0.0,-1.0296819028615224e-09,2.6715526484036754e-09
82.7,50.0,25.0,2.441638009780521e-09,0.0,-1.0275786633210868e-09,2.6490590933608363e-09
82.80000000000001,50.0,25.0,2.418391738945595e-09,0.0,-1.02542431294154e-09,2.6268067352913363e-09
82.9,50.0,25.0,2.3954047457371434e-09,0.0,-1.023220476360437e-09,2.6047925136454357e-09
83.0,50.0,25.0,2.3726738325478116e-09,0.0,-1.0209687400660283e-09,2.5830134114729513e-09
83.10000000000001,50.0,25.0,2.3501958427051028e-09,0.0,-1.0186706532452789e-09,2.5614664547581943e-09
83.2,50.0,25.0,2.3279676599845103e-09,0.0,-1.0163277286133183e-09,2.5401487117651327e-09
83.30000000000001,50.0,25.0,2.3059862081261316e-09,0.0,-1.01394144322471e-09,2.519057292392641e-09
83.4,50.0,25.0,2.2842484503549053e-09,0.0,-1.01151323926694e-09,2.4981893475397504e-09
83.5,50.0,25.0,2.262751388904459e-09,0.0,-1.009044524836499e-09,2.4775420684806897e-09
83.60000000000001,50.0,25.0,2.241492064544706e-09,0.0,-1.006536674697933e-09,2.457112686249628e-09
83.7,50.0,25.0,2.2204675561132274e-09,0.0,-1.0039910310262309e-09,2.4368984710349677e-09
83.80000000000001,50.0,25.0,2.199674980050475e-09,0.0,-1.001408904132907e-09,2.416896731583029e-09
83.9,50.0,25.0,2.179111489938903e-09,0.0,-9.98791573176126e-10,2.397104814611031e-09
84.0,50.0,25.0,2.1587742760460155e-09,0.0,-9.9614028685522e-10,2.377520104229194e-09
84.10000000000001,50.0,25.0,2.1386605648714306e-09,0.0,-9.934562640899347e-10,2.3581400213718687e-09
84.2,50.0,25.0,2.118767618697965e-09,0.0,-9.907406946847326e-10,2.338962023237537e-09
84.30000000000001,50.0,25.0,2.0990927351467657e-09,0.0,-9.879947399784741e-10,2.3199836027375414e-09
84.4,50.0,25.0,2.079633246736577e-09,0.0,-9.85219533479804e-10,2.3012022879534687e-09
84.5,50.0,25.0,2.0603865204470944e-09,0.0,-9.824161814885423e-10,2.2826156416029864e-09
84.60000000000001,50.0,25.0,2.04134995728649e-09,0.0,-9.795857637033878e-10,2.2642212605140655e-09
84.7,50.0,25.0,2.022520991863118e-09,0.0,-9.767293338162403e-10,2.246016775107454e-09
84.80000000000001,50.0,25.0,2.003897091961369e-09,0.0,-9.738479200934112e-10,2.2279998488872242e-09
84.9,50.0,25.0,1.985475758121786e-09,0.0,-9.70942525944039e-10,2.2101681779393787e-09
85.0,50.0,25.0,1.9672545232253316e-09,0.0,-9.68014130475957e-10,2.1925194904382608e-09
85.10000000000001,50.0,25.0,1.94923095208193e-09,0.0,-9.650636890393109e-10,2.175051546160778e-09
85.2,50.0,25.0,1.931402641023222e-09,0.0,-9.620921337581842e-10,2.1577621360082425e-09
85.30000000000001,50.0,25.0,1.913767217499529e-09,0.0,-9.591003740504887e-10,2.1406490815357097e-09
85.4,50.0,25.0,1.896322339681104e-09,0.0,-9.560892971363945e-10,2.123710234488778e-09
85.5,50.0,25.0,1.8790656960635584e-09,0.0,-9.53059768535523e-10,2.106943476347624e-09
85.60000000000001,50.0,25.0,1.8619950050775558e-09,0.0,-9.500126325531784e-10,2.090346717878254e-09
85.7,50.0,25.0,1.8451080147027285e-09,0.0,-9.469487127558376e-10,2.0739178986908287e-09
85.80000000000001,50.0,25.0,1.8284025020857851e-09,0.0,-9.438688124361412e-10,2.057654986804924e-09
85.9,50.0,25.0,1.8118762731628606e-09,0.0,-9.407737150676197e-10,2.041555978221677e-09
86.0,50.0,25.0,1.795527162286029e-09,0.0,-9.376641847493709e-10,2.025618896502652e-09
86.10000000000001,50.0,25.0,1.7793530318540243e-09,0.0,-9.345409666409191e-10,2.0098417923553716e-09
86.2,50.0,25.0,1.7633517719471238e-09,0.0,-9.314047873874672e-10,1.9942227432253786e-09
86.30000000000001,50.0,25.0,1.7475212999661735e-09,0.0,-9.282563555357514e-10,1.9787598528947316e-09
86.4,50.0,25.0,1.7318595602757642e-09,0.0,-9.250963619407101e-10,1.963451251086846e-09
86.5,50.0,25.0,1.7163645238515166e-09,0.0,-9.219254801631663e-10,1.948295093077568e-09
86.60000000000001,50.0,25.0,1.7010341879314563e-09,0.0,-9.187443668587171e-10,1.9332895593123794e-09
86.7,50.0,25.0,1.6858665756714902e-09,0.0,-9.1555366215804e-10,1.9184328550296763e-09
86.80000000000001,50.0,25.0,1.6708597358048959e-09,0.0,-9.123539900387799e-10,1.9037232098899483e-09
86.9,50.0,25.0,1.6560117423058824e-09,0.0,-9.091459586892298e-10,1.8891588776108597e-09
87.0,50.0,25.0,1.6413206940571218e-09,0.0,-9.059301608639614e-10,1.874738135608052e-09
87.10000000000001,50.0,25.0,1.6267847145212813e-09,0.0,-9.027071742316024e-10,1.8604592846416422e-09
87.2,50.0,25.0,1.6124019514165035e-09,0.0,-8.994775617149269e-10,1.8463206484682932e-09
87.30000000000001,50.0,25.0,1.5981705763958109e-09,0.0,-8.962418718234216e-10,1.832320573498772e-09
87.4,50.0,25.0,1.5840887847304108e-09,0.0,-8.93000638978506e-10,1.8184574284609166e-09
87.5,50.0,25.0,1.5701547949968711e-09,0.0,-8.897543838315605e-10,1.8047296040679186e-09
87.60000000000001,50.0,25.0,1.5563668487681294e-09,0.0,-8.86503613574925e-10,1.7911355126918336e-09
87.7,50.0,25.0,1.5427232103083347e-09,0.0,-8.832488222460257e-10,1.7776735880422608e-09
87.80000000000001,50.0,25.0,1.5292221662714346e-09,0.0,-8.799904910247688e-10,1.764342284850055e-09
87.9,50.0,25.0,1.5158620254035537e-09,0.0,-8.767290885243741e-10,1.7511400785560656e-09
88.0,50.0,25.0,1.5026411182490542e-09,0.0,-8.734650710757659e-10,1.738065465004745e-09
88.10000000000001,50.0,25.0,1.4895577968603015e-09,0.0,-8.701988830056854e-10,1.7251169601426037e-09
88.2,50.0,25.0,1.4766104345110938e-09,0.0,-8.669309569086545e-10,1.7122930997214222e-09
88.30000000000001,50.0,25.0,1.4637974254136836e-09,0.0,-8.63661713912922e-10,1.699592439006109e-09
88.4,50.0,25.0,1.4511171844394193e-09,0.0,-8.603915639405387e-10,1.6870135524871855e-09
88.5,50.0,25.0,1.4385681468429223e-09,0.0,-8.571209059616777e-10,1.6745550335977754e-09
88.60000000000001,50.0,25.0,1.426148767989801e-09,0.0,-8.538501282433355e-10,1.6622154944350592e-09
88.7,50.0,25.0,1.4138575230878446e-09,0.0,-8.505796085925373e-10,1.6499935654860988e-09
88.80000000000001,50.0,25.0,1.4016929069216687e-09,0.0,-8.47309714594162e-10,1.6378878953579695e-09
88.9,50.0,25.0,1.389653433590803e-09,0.0,-8.44040803843518e-10,1.6258971505121475e-09
89.0,50.0,25.0,1.3777376362511359e-09,0.0,-8.407732241737702e-10,1.6140200150030433e-09
89.10000000000001,50.0,25.0,1.3659440668597323e-09,0.0,-8.375073138783451e-10,1.6022551902206547e-09
89.2,50.0,25.0,1.3542712959229729e-09,0.0,-8.34243401928424e-10,1.5906013946372606e-09
89.30000000000001,50.0,25.0,1.3427179122479598e-09,0.0,-8.309818081856205e-10,1.5790573635580702e-09
89.4,50.0,25.0,1.331282522697186e-09,0.0,-8.277228436099665e-10,1.5676218488757908e-09
89.5,50.0,25.0,1.3199637519464182e-09,0.0,-8.24466810463297e-10,1.5562936188290394e-09
89.60000000000001,50.0,25.0,1.3087602422457505e-09,0.0,-8.21214002508142e-10,1.5450714577645262e-09
89.7,50.0,25.0,1.2976706531838262e-09,0.0,-8.179647052022246e-10,1.5339541659029778e-09
89.80000000000001,50.0,25.0,1.286693661455139e-09,0.0,-8.147191958886582e-10,1.5229405591086913e-09
89.9,50.0,25.0,1.275827960630452e-09,0.0,-8.11477743981945e-10,1.512029468662726e-09
90.0,50.0,25.0,1.2650722609302163e-09,0.0,-8.082406111498602e-10,1.501219741039595e-09
90.10000000000001,50.0,25.0,1.2544252890010352e-09,0.0,-8.05008051491321e-10,1.4905102376874786e-09
90.2,50.0,25.0,1.2438857876950879e-09,0.0,-8.017803117103262e-10,1.4798998348118487e-09
90.30000000000001,50.0,25.0,1.2334525158524854e-09,0.0,-7.985576312860464e-10,1.4693874231624576e-09
90.4,50.0,25.0,1.2231242480865579e-09,0.0,-7.953402426391668e-10,1.4589719078236688e-09
90.5,50.0,25.0,1.212899774571985e-09,0.0,-7.921283712945433e-10,1.4486522080080222e-09
90.60000000000001,50.0,25.0,1.2027779008357922e-09,0.0,-7.889222360402737e-10,1.4384272568530327e-09
90.7,50.0,25.0,1.1927574475511412e-09,0.0,-7.857220490832526e-10,1.42829600122114e-09
90.80000000000001,50.0,25.0,1.182837250333892e-09,0.0,-7.82528016201285e-10,1.41825740150276e-09
90.9,50.0,25.0,1.1730161595419099e-09,0.0,-7.793403368918464e-10,1.4083104314224005e-09
91.0,50.0,25.0,1.1632930400770764e-09,0.0,-7.761592045175507e-10,1.3984540778477797e-09
91.10000000000001,50.0,25.0,1.153666771189974e-09,0.0,-7.72984806448407e-10,1.3886873406019013e-09
91.2,50.0,25.0,1.1441362462872242e-09,0.0,-7.698173242009362e-10,1.3790092322780544e-09
91.30000000000001,50.0,25.0,1.1347003727414087e-09,0.0,-7.66656933574205e-10,1.3694187780576457e-09
91.4,50.0,25.0,1.1253580717036008e-09,0.0,-7.635038047828681e-10,1.3599150155308833e-09
91.5,50.0,25.0,1.116108277918414e-09,0.0,-7.60358102587257e-10,1.350496994520203e-09
91.60000000000001,50.0,25.0,1.1069499395415851e-09,0.0,-7.572199864206051e-10,1.3411637769064374e-09
91.7,50.0,25.0,1.0978820179600287e-09,0.0,-7.540896105134567e-10,1.3319144364576583e-09
91.80000000000001,50.0,25.0,1.0889034876143463e-09,0.0,-7.509671240153296e-10,1.322748058660659e-09
91.9,50.0,25.0,1.0800133358237579e-09,0.0,-7.478526711136872e-10,1.3136637405550319e-09
92.0,50.0,25.0,1.0712105626134208e-09,0.0,-7.447463911502829e-10,1.304660590569797e-09
92.10000000000001,50.0,25.0,1.0624941805441063e-09,0.0,-7.416484187349338e-10,1.2957377283625415e-09
92.2,50.0,25.0,1.0538632145442174e-09,0.0,-7.385588838567804e-10,1.286894284661038e-09
92.30000000000001,50.0,25.0,1.0453167017440872e-09,0.0,-7.35477911993086e-10,1.278129401107277e-09
92.4,50.0,25.0,1.0368536913125697e-09,0.0,-7.324056242156335e-10,1.269442230103912e-09
92.5,50.0,25.0,1.0284732442958474e-09,0.0,-7.293421372947673e-10,1.2608319346630322e-09
92.60000000000001,50.0,25.0,1.020174433458472e-09,0.0,-7.262875638011398e-10,1.2522976882572725e-09
92.7,50.0,25.0,1.011956343126581e-09,0.0,-7.232420122052054e-10,1.2438386746731897e-09
92.80000000000001,50.0,25.0,1.0038180690332557e-09,0.0,-7.202055869745143e-10,1.2354540878668695e-09
92.9,50.0,25.0,9.957587181660312e-10,0.0,-7.171783886688589e-10,1.2271431318217603e-09
93.0,50.0,25.0,9.877774086164826e-10,0.0,-7.141605140333125e-10,1.218905020408653e-09
93.10000000000001,50.0,25.0,9.7987326943189e-10,0.0,-7.111520560892099e-10,1.2107389772478015e-09
93.2,50.0,25.0,9.720454404689518e-10,0.0,-7.081531042231216e-10,1.2026442355731481e-09
93.30000000000001,50.0,25.0,9.64293072249506e-10,0.0,-7.051637442738515e-10,1.1946200380986035e-09
93.4,50.0,25.0,9.5661532581825e-10,0.0,-7.021840586175171e-10,1.1866656368863663e-09
93.5,50.0,25.0,9.490113726024081e-10,0.0,-6.992141262507398e-10,1.1787802932172274e-09
93.60000000000001,50.0,25.0,9.414803942733565e-10,0.0,-6.962540228720034e-10,1.17096327746286e-09
93.7,50.0,25.0,9.340215826101476e-10,0.0,-6.933038209612034e-10,1.1632138689600332e-09
93.80000000000001,50.0,25.0,9.266341393649127e-10,0.0,-6.903635898574395e-10,1.1555313558867208e-09
93.9,50.0,25.0,9.193172761301423e-10,0.0,-6.874333958350837e-10,1.147915035140101e-09
94.0,50.0,25.0,9.120702142077844e-10,0.0,-6.845133021781652e-10,1.1403642122163822e-09
94.10000000000001,50.0,25.0,9.048921844801624e-10,0.0,-6.816033692531077e-10,1.1328782010924512e-09
94.2,50.0,25.0,8.977824272826805e-10,0.0,-6.787036545798543e-10,1.1254563241093062e-09
94.30000000000001,50.0,25.0,8.907401922782754e-10,0.0,-6.758142129014143e-10,1.1180979118572296e-09
94.4,50.0,25.0,8.837647383336263e-10,0.0,-6.729350962518748e-10,1.1108023030627111e-09
94.5,50.0,25.0,8.768553333970585e-10,0.0,-6.700663540228959e-10,1.1035688444770466e-09
94.60000000000001,50.0,25.0,8.700112543781522e-10,0.0,-6.672080330287382e-10,1.0963968907666255e-09
94.7,50.0,25.0,8.632317870290115e-10,0.0,-6.643601775698447e-10,1.0892858044048569e-09
94.80000000000001,50.0,25.0,8.56516225827174e-10,0.0,-6.615228294950119e-10,1.0822349555657094e-09
94.9,50.0,25.0,8.498638738601543e-10,0.0,-6.586960282621827e-10,1.0752437220188558e-09
95.0,50.0,25.0,8.432740427115683e-10,0.0,-6.558798109978863e-10,1.0683114890263677e-09
95.10000000000001,50.0,25.0,8.367460523488537e-10,0.0,-6.530742125553624e-10,1.0614376492409703e-09
95.2,50.0,25.0,8.302792310125367e-10,0.0,-6.50279265571392e-10,1.0546216026058058e-09
95.30000000000001,50.0,25.0,8.238729151070264e-10,0.0,-6.474950005218622e-10,1.0478627562556824e-09
95.4,50.0,25.0,8.175264490929383e-10,0.0,-6.447214457761031e-10,1.0411605244198117e-09
95.5,50.0,25.0,8.112391853808931e-10,0.0,-6.419586276500081e-10,1.0345143283259718e-09
95.60000000000001,50.0,25.0,8.050104842267944e-10,0.0,-6.392065704579777e-10,1.0279235961061054e-09
95.7,50.0,25.0,7.988397136285627e-10,0.0,-6.36465296563707e-10,1.0213877627033192e-09
95.80000000000001,50.0,25.0,7.927262492242822e-10,0.0,-6.337348264298383e-10,1.0149062697802472e-09
95.9,50.0,25.0,7.866694741917819e-10,0.0,-6.310151786665147e-10,1.0084785656287933e-09
96.0,50.0,25.0,7.806687791495831e-10,0.0,-6.283063700788431e-10,1.00210410508118e-09
96.10000000000001,50.0,25.0,7.74723562059236e-10,0.0,-6.25608415713306e-10,9.957823494223343e-10
96.2,50.0,25.0,7.688332281290063e-10,0.0,-6.229213289031377e-10,9.89512766303558e-10
96.30000000000001,50.0,25.0,7.629971897188801e-10,0.0,-6.202451213126808e-10,9.832948296574588e-10
96.4,50.0,25.0,7.572148662469074e-10,0.0,-6.175798029807633e-10,9.77128019614155e-10
96.5,50.0,25.0,7.514856840968201e-10,0.0,-6.149253823630968e-10,9.710118224186904e-10
96.60000000000001,50.0,25.0,7.458090765269397e-10,0.0,-6.122818663737334e-10,9.649457303496756e-10
96.7,50.0,25.0,7.401844835803451e-10,0.0,-6.09649260425593e-10,9.589292416391184e-10
96.80000000000001,50.0,25.0,7.346113519962754e-10,0.0,-6.07027568470085e-10,9.52961860393426e-10
96.9,50.0,25.0,7.290891351227674e-10,0.0,-6.044167930358424e-10,9.47043096515569e-10
97.0,50.0,25.0,7.236172928304901e-10,0.0,-6.018169352665874e-10,9.41172465628375e-10
97.10000000000001,50.0,25.0,7.181952914277784e-10,0.0,-5.992279949581494e-10,9.353494889989492e-10
97.2,50.0,25.0,7.128226035768382e-10,0.0,-5.966499705946544e-10,9.295736934641945e-10
97.30000000000001,50.0,25.0,7.074987082111045e-10,0.0,-5.940828593838973e-10,9.238446113574127e-10
97.4,50.0,25.0,7.022230904537498e-10,0.0,-5.915266572919269e-10,9.18161780435984e-10
97.5,50.0,25.0,6.969952415373051e-10,0.0,-5.889813590768456e-10,9.125247438100813e-10
97.60000000000001,50.0,25.0,6.918146587243993e-10,0.0,-5.86446958321856e-10,9.069330498724334e-10
97.7,50.0,25.0,6.866808452295905e-10,0.0,-5.839234474675609e-10,9.013862522291019e-10
97.80000000000001,50.0,25.0,6.815933101422688e-10,0.0,-5.814108178435336e-10,8.958839096312545e-10
97.9,50.0,25.0,6.765515683506309e-10,0.0,-5.789090596991823e-10,8.904255859079352e-10
98.0,50.0,25.0,6.715551404666929e-10,0.0,-5.764181622339115e-10,8.850108498997962e-10
98.10000000000001,50.0,25.0,6.666035527523423e-10,0.0,-5.739381136266081e-10,8.796392753937913e-10
98.2,50.0,25.0,6.616963370464087e-10,0.0,-5.714689010644604e-10,8.743104410588133e-10
98.30000000000001,50.0,25.0,6.56833030692727e-10,0.0,-5.690105107711199e-10,8.690239303822442e-10
98.4,50.0,25.0,6.520131764692081e-10,0.0,-5.665629280342353e-10,8.637793316074383e-10
98.5,50.0,25.0,6.47236322517866e-10,0.0,-5.64126137232353e-10,8.585762376720816e-10
98.60000000000001,50.0,25.0,6.425020222758206e-10,0.0,-5.617001218612153e-10,8.534142461474515e-10
98.7,50.0,25.0,6.378098344072412e-10,0.0,-5.592848645594577e-10,8.482929591785396e-10
98.80000000000001,50.0,25.0,6.331593227362236e-10,0.0,-5.568803471337214e-10,8.432119834250266e-10
98.9,50.0,25.0,6.285500561805955e-10,0.0,-5.54486550583201e-10,8.381709300031149e-10
99.0,50.0,25.0,6.239816086866183e-10,0.0,-5.521034551236247e-10,8.331694144281727e-10
99.10000000000001,50.0,25.0,6.194535591645954e-10,0.0,-5.497310402106949e-10,8.282070565582121e-10
99.2,50.0,25.0,6.149654914253562e-10,0.0,-5.473692845629921e-10,8.23283480538163e-10
99.30000000000001,50.0,25.0,6.105169941176104e-10,0.0,-5.450181661843528e-10,8.183983147449395e-10
99.4,50.0,25.0,6.061076606661629e-10,0.0,-5.426776623857421e-10,8.135511917332934e-10
99.5,50.0,25.0,6.017370892109696e-10,0.0,-5.403477498066181e-10,8.087417481824256e-10
99.60000000000001,50.0,25.0,5.974048825470282e-10,0.0,-5.380284044358129e-10,8.039696248433614e-10
99.7,50.0,25.0,5.931106480650941e-10,0.0,-5.357196016319319e-10,7.992344664870702e-10
99.80000000000001,50.0,25.0,5.88853997693197e-10,0.0,-5.334213161432835e-10,7.945359218533122e-10
99.9,50.0,25.0,5.846345478389685e-10,0.0,-5.311335221273545e-10,7.89873643600218e-10
